[{"model": "contenttypes.contenttype", "pk": 1, "fields": {"app_label": "admin", "model": "logentry"}}, {"model": "contenttypes.contenttype", "pk": 2, "fields": {"app_label": "auth", "model": "permission"}}, {"model": "contenttypes.contenttype", "pk": 3, "fields": {"app_label": "auth", "model": "group"}}, {"model": "contenttypes.contenttype", "pk": 4, "fields": {"app_label": "auth", "model": "user"}}, {"model": "contenttypes.contenttype", "pk": 5, "fields": {"app_label": "contenttypes", "model": "contenttype"}}, {"model": "contenttypes.contenttype", "pk": 6, "fields": {"app_label": "sessions", "model": "session"}}, {"model": "contenttypes.contenttype", "pk": 7, "fields": {"app_label": "sites", "model": "site"}}, {"model": "contenttypes.contenttype", "pk": 8, "fields": {"app_label": "flatpages", "model": "flatpage"}}, {"model": "contenttypes.contenttype", "pk": 9, "fields": {"app_label": "analytics", "model": "productrecord"}}, {"model": "contenttypes.contenttype", "pk": 10, "fields": {"app_label": "analytics", "model": "userproductview"}}, {"model": "contenttypes.contenttype", "pk": 11, "fields": {"app_label": "analytics", "model": "userrecord"}}, {"model": "contenttypes.contenttype", "pk": 12, "fields": {"app_label": "analytics", "model": "usersearch"}}, {"model": "contenttypes.contenttype", "pk": 13, "fields": {"app_label": "address", "model": "country"}}, {"model": "contenttypes.contenttype", "pk": 14, "fields": {"app_label": "address", "model": "useraddress"}}, {"model": "contenttypes.contenttype", "pk": 15, "fields": {"app_label": "shipping", "model": "orderanditemcharges"}}, {"model": "contenttypes.contenttype", "pk": 16, "fields": {"app_label": "shipping", "model": "weightband"}}, {"model": "contenttypes.contenttype", "pk": 17, "fields": {"app_label": "shipping", "model": "weightbased"}}, {"model": "contenttypes.contenttype", "pk": 18, "fields": {"app_label": "catalogue", "model": "attributeoption"}}, {"model": "contenttypes.contenttype", "pk": 19, "fields": {"app_label": "catalogue", "model": "attributeoptiongroup"}}, {"model": "contenttypes.contenttype", "pk": 20, "fields": {"app_label": "catalogue", "model": "category"}}, {"model": "contenttypes.contenttype", "pk": 21, "fields": {"app_label": "catalogue", "model": "option"}}, {"model": "contenttypes.contenttype", "pk": 22, "fields": {"app_label": "catalogue", "model": "product"}}, {"model": "contenttypes.contenttype", "pk": 23, "fields": {"app_label": "catalogue", "model": "productattribute"}}, {"model": "contenttypes.contenttype", "pk": 24, "fields": {"app_label": "catalogue", "model": "productattributevalue"}}, {"model": "contenttypes.contenttype", "pk": 25, "fields": {"app_label": "catalogue", "model": "productcategory"}}, {"model": "contenttypes.contenttype", "pk": 26, "fields": {"app_label": "catalogue", "model": "productclass"}}, {"model": "contenttypes.contenttype", "pk": 27, "fields": {"app_label": "catalogue", "model": "productimage"}}, {"model": "contenttypes.contenttype", "pk": 28, "fields": {"app_label": "catalogue", "model": "productrecommendation"}}, {"model": "contenttypes.contenttype", "pk": 29, "fields": {"app_label": "reviews", "model": "productreview"}}, {"model": "contenttypes.contenttype", "pk": 30, "fields": {"app_label": "reviews", "model": "vote"}}, {"model": "contenttypes.contenttype", "pk": 31, "fields": {"app_label": "partner", "model": "partner"}}, {"model": "contenttypes.contenttype", "pk": 32, "fields": {"app_label": "partner", "model": "partneraddress"}}, {"model": "contenttypes.contenttype", "pk": 33, "fields": {"app_label": "partner", "model": "stockalert"}}, {"model": "contenttypes.contenttype", "pk": 34, "fields": {"app_label": "partner", "model": "stockrecord"}}, {"model": "contenttypes.contenttype", "pk": 35, "fields": {"app_label": "basket", "model": "basket"}}, {"model": "contenttypes.contenttype", "pk": 36, "fields": {"app_label": "basket", "model": "line"}}, {"model": "contenttypes.contenttype", "pk": 37, "fields": {"app_label": "basket", "model": "lineattribute"}}, {"model": "contenttypes.contenttype", "pk": 38, "fields": {"app_label": "payment", "model": "bankcard"}}, {"model": "contenttypes.contenttype", "pk": 39, "fields": {"app_label": "payment", "model": "source"}}, {"model": "contenttypes.contenttype", "pk": 40, "fields": {"app_label": "payment", "model": "sourcetype"}}, {"model": "contenttypes.contenttype", "pk": 41, "fields": {"app_label": "payment", "model": "transaction"}}, {"model": "contenttypes.contenttype", "pk": 42, "fields": {"app_label": "offer", "model": "benefit"}}, {"model": "contenttypes.contenttype", "pk": 43, "fields": {"app_label": "offer", "model": "condition"}}, {"model": "contenttypes.contenttype", "pk": 44, "fields": {"app_label": "offer", "model": "conditionaloffer"}}, {"model": "contenttypes.contenttype", "pk": 45, "fields": {"app_label": "offer", "model": "range"}}, {"model": "contenttypes.contenttype", "pk": 46, "fields": {"app_label": "offer", "model": "rangeproduct"}}, {"model": "contenttypes.contenttype", "pk": 47, "fields": {"app_label": "offer", "model": "rangeproductfileupload"}}, {"model": "contenttypes.contenttype", "pk": 48, "fields": {"app_label": "offer", "model": "absolutediscountbenefit"}}, {"model": "contenttypes.contenttype", "pk": 49, "fields": {"app_label": "offer", "model": "countcondition"}}, {"model": "contenttypes.contenttype", "pk": 50, "fields": {"app_label": "offer", "model": "coveragecondition"}}, {"model": "contenttypes.contenttype", "pk": 51, "fields": {"app_label": "offer", "model": "fixedpricebenefit"}}, {"model": "contenttypes.contenttype", "pk": 52, "fields": {"app_label": "offer", "model": "multibuydiscountbenefit"}}, {"model": "contenttypes.contenttype", "pk": 53, "fields": {"app_label": "offer", "model": "percentagediscountbenefit"}}, {"model": "contenttypes.contenttype", "pk": 54, "fields": {"app_label": "offer", "model": "shippingbenefit"}}, {"model": "contenttypes.contenttype", "pk": 55, "fields": {"app_label": "offer", "model": "shippingabsolutediscountbenefit"}}, {"model": "contenttypes.contenttype", "pk": 56, "fields": {"app_label": "offer", "model": "shippingfixedpricebenefit"}}, {"model": "contenttypes.contenttype", "pk": 57, "fields": {"app_label": "offer", "model": "shippingpercentagediscountbenefit"}}, {"model": "contenttypes.contenttype", "pk": 58, "fields": {"app_label": "offer", "model": "valuecondition"}}, {"model": "contenttypes.contenttype", "pk": 59, "fields": {"app_label": "order", "model": "billingaddress"}}, {"model": "contenttypes.contenttype", "pk": 60, "fields": {"app_label": "order", "model": "communicationevent"}}, {"model": "contenttypes.contenttype", "pk": 61, "fields": {"app_label": "order", "model": "line"}}, {"model": "contenttypes.contenttype", "pk": 62, "fields": {"app_label": "order", "model": "lineattribute"}}, {"model": "contenttypes.contenttype", "pk": 63, "fields": {"app_label": "order", "model": "lineprice"}}, {"model": "contenttypes.contenttype", "pk": 64, "fields": {"app_label": "order", "model": "order"}}, {"model": "contenttypes.contenttype", "pk": 65, "fields": {"app_label": "order", "model": "orderdiscount"}}, {"model": "contenttypes.contenttype", "pk": 66, "fields": {"app_label": "order", "model": "ordernote"}}, {"model": "contenttypes.contenttype", "pk": 67, "fields": {"app_label": "order", "model": "paymentevent"}}, {"model": "contenttypes.contenttype", "pk": 68, "fields": {"app_label": "order", "model": "paymenteventquantity"}}, {"model": "contenttypes.contenttype", "pk": 69, "fields": {"app_label": "order", "model": "paymenteventtype"}}, {"model": "contenttypes.contenttype", "pk": 70, "fields": {"app_label": "order", "model": "shippingaddress"}}, {"model": "contenttypes.contenttype", "pk": 71, "fields": {"app_label": "order", "model": "shippingevent"}}, {"model": "contenttypes.contenttype", "pk": 72, "fields": {"app_label": "order", "model": "shippingeventquantity"}}, {"model": "contenttypes.contenttype", "pk": 73, "fields": {"app_label": "order", "model": "shippingeventtype"}}, {"model": "contenttypes.contenttype", "pk": 74, "fields": {"app_label": "order", "model": "orderstatuschange"}}, {"model": "contenttypes.contenttype", "pk": 75, "fields": {"app_label": "customer", "model": "communicationeventtype"}}, {"model": "contenttypes.contenttype", "pk": 76, "fields": {"app_label": "customer", "model": "email"}}, {"model": "contenttypes.contenttype", "pk": 77, "fields": {"app_label": "customer", "model": "notification"}}, {"model": "contenttypes.contenttype", "pk": 78, "fields": {"app_label": "customer", "model": "productalert"}}, {"model": "contenttypes.contenttype", "pk": 79, "fields": {"app_label": "voucher", "model": "voucher"}}, {"model": "contenttypes.contenttype", "pk": 80, "fields": {"app_label": "voucher", "model": "voucherapplication"}}, {"model": "contenttypes.contenttype", "pk": 81, "fields": {"app_label": "voucher", "model": "voucherset"}}, {"model": "contenttypes.contenttype", "pk": 82, "fields": {"app_label": "wishlists", "model": "line"}}, {"model": "contenttypes.contenttype", "pk": 83, "fields": {"app_label": "wishlists", "model": "wishlist"}}, {"model": "contenttypes.contenttype", "pk": 84, "fields": {"app_label": "thumbnail", "model": "kvstore"}}, {"model": "contenttypes.contenttype", "pk": 85, "fields": {"app_label": "easy_thumbnails", "model": "source"}}, {"model": "contenttypes.contenttype", "pk": 86, "fields": {"app_label": "easy_thumbnails", "model": "thumbnail"}}, {"model": "contenttypes.contenttype", "pk": 87, "fields": {"app_label": "easy_thumbnails", "model": "thumbnaildimensions"}}, {"model": "sessions.session", "pk": "3zd21umg1dxgx6q7rzhojjzc0qjuher0", "fields": {"session_data": "YWM5NWRmOThiNmExZTlkN2E5OTg2OWU1YmI3YWU0MGE5YjUyNzA1Nzp7fQ==", "expire_date": "2019-09-09T17:38:40.812Z"}}, {"model": "sessions.session", "pk": "8ndihcybvmdgn6ajbsehlt3vqmmur7q5", "fields": {"session_data": "YzM0ZjdlNTZmYzgzNDQ0ZTNmMjJiMzEyNzY2MzYzMjZhMjNmY2FmYTp7ImNoZWNrb3V0X2RhdGEiOnsiZ3Vlc3QiOnt9LCJzaGlwcGluZyI6e30sImJpbGxpbmciOnt9fSwiX2F1dGhfdXNlcl9pZCI6IjEiLCJfYXV0aF91c2VyX2JhY2tlbmQiOiJkamFuZ28uY29udHJpYi5hdXRoLmJhY2tlbmRzLk1vZGVsQmFja2VuZCIsIl9hdXRoX3VzZXJfaGFzaCI6IjY2YmViMTM5MWQ1MWM0MWNmZjA3NjJjMzRkZjBmZDYzODI3NjdiMGQifQ==", "expire_date": "2019-09-09T09:09:56.608Z"}}, {"model": "sessions.session", "pk": "edydu6l76inoslximbnhzdhwhwzxa193", "fields": {"session_data": "NWU4NDFmM2E5NzQzY2RmYjE5MTcxZTFmMGY1NDZmNDFiNWEzN2Q0Yzp7ImNoZWNrb3V0X2RhdGEiOnt9LCJfYXV0aF91c2VyX2lkIjoiMSIsIl9hdXRoX3VzZXJfYmFja2VuZCI6ImRqYW5nby5jb250cmliLmF1dGguYmFja2VuZHMuTW9kZWxCYWNrZW5kIiwiX2F1dGhfdXNlcl9oYXNoIjoiNjZiZWIxMzkxZDUxYzQxY2ZmMDc2MmMzNGRmMGZkNjM4Mjc2N2IwZCJ9", "expire_date": "2019-09-08T13:00:27.277Z"}}, {"model": "sessions.session", "pk": "vuo513j8a3mf6il3vxqy1kdu8ncjs5vg", "fields": {"session_data": "M2RlYjRiNGE4YzJjZDdhYjJmZDA1OTM0Yjk1ZmVkOWE0NzI3YTk2ZTp7Il9hdXRoX3VzZXJfaWQiOiIxIiwiX2F1dGhfdXNlcl9iYWNrZW5kIjoiZGphbmdvLmNvbnRyaWIuYXV0aC5iYWNrZW5kcy5Nb2RlbEJhY2tlbmQiLCJfYXV0aF91c2VyX2hhc2giOiJjNGZkYmZhODI4MDI4YTBlMDc3MzU0MTIxYWUxZTg3MTMwMzlkNGZkIn0=", "expire_date": "2019-09-12T08:54:07.433Z"}}, {"model": "sites.site", "pk": 1, "fields": {"domain": "example.com", "name": "example.com"}}, {"model": "analytics.productrecord", "pk": 2, "fields": {"product": 12, "num_views": 0, "num_basket_additions": 1, "num_purchases": 0, "score": 0.0}}, {"model": "analytics.productrecord", "pk": 3, "fields": {"product": 27, "num_views": 0, "num_basket_additions": 1, "num_purchases": 0, "score": 0.0}}, {"model": "catalogue.productclass", "pk": 1, "fields": {"name": "Produit classique", "slug": "produit-classique", "requires_shipping": true, "track_stock": true, "options": []}}, {"model": "catalogue.category", "pk": 1, "fields": {"path": "0001", "depth": 1, "numchild": 3, "name": "Livres", "description": "", "image": "categories/Mt.-Williams-Hike-1-20.jpg", "slug": "livres"}}, {"model": "catalogue.category", "pk": 2, "fields": {"path": "00010003", "depth": 2, "numchild": 2, "name": "Informatique", "description": "", "image": "categories/info.jpeg", "slug": "informatique"}}, {"model": "catalogue.category", "pk": 3, "fields": {"path": "000100030002", "depth": 3, "numchild": 0, "name": "Programmation", "description": "", "image": "", "slug": "programmation"}}, {"model": "catalogue.category", "pk": 4, "fields": {"path": "000100030001", "depth": 3, "numchild": 0, "name": "Hacking & Securit\u00e9", "description": "", "image": "", "slug": "hacking-securite"}}, {"model": "catalogue.category", "pk": 5, "fields": {"path": "00010002", "depth": 2, "numchild": 1, "name": "D\u00e9veloppement personnelle", "description": "", "image": "", "slug": "developpement-personnelle"}}, {"model": "catalogue.category", "pk": 6, "fields": {"path": "00010001", "depth": 2, "numchild": 0, "name": "Finance & Comptabilit\u00e9", "description": "", "image": "", "slug": "finance-comptabilite"}}, {"model": "catalogue.category", "pk": 7, "fields": {"path": "000100020001", "depth": 3, "numchild": 0, "name": "Communication", "description": "", "image": "", "slug": "communication"}}, {"model": "catalogue.productcategory", "pk": 3, "fields": {"product": 4, "category": 4}}, {"model": "catalogue.productcategory", "pk": 4, "fields": {"product": 5, "category": 4}}, {"model": "catalogue.productcategory", "pk": 5, "fields": {"product": 6, "category": 4}}, {"model": "catalogue.productcategory", "pk": 6, "fields": {"product": 7, "category": 4}}, {"model": "catalogue.productcategory", "pk": 7, "fields": {"product": 8, "category": 4}}, {"model": "catalogue.productcategory", "pk": 8, "fields": {"product": 9, "category": 3}}, {"model": "catalogue.productcategory", "pk": 9, "fields": {"product": 10, "category": 3}}, {"model": "catalogue.productcategory", "pk": 10, "fields": {"product": 11, "category": 3}}, {"model": "catalogue.productcategory", "pk": 11, "fields": {"product": 12, "category": 3}}, {"model": "catalogue.productcategory", "pk": 13, "fields": {"product": 14, "category": 6}}, {"model": "catalogue.productcategory", "pk": 14, "fields": {"product": 15, "category": 6}}, {"model": "catalogue.productcategory", "pk": 15, "fields": {"product": 16, "category": 6}}, {"model": "catalogue.productcategory", "pk": 16, "fields": {"product": 17, "category": 6}}, {"model": "catalogue.productcategory", "pk": 18, "fields": {"product": 19, "category": 6}}, {"model": "catalogue.productcategory", "pk": 19, "fields": {"product": 20, "category": 5}}, {"model": "catalogue.productcategory", "pk": 20, "fields": {"product": 21, "category": 5}}, {"model": "catalogue.productcategory", "pk": 21, "fields": {"product": 22, "category": 5}}, {"model": "catalogue.productcategory", "pk": 22, "fields": {"product": 23, "category": 5}}, {"model": "catalogue.productcategory", "pk": 23, "fields": {"product": 24, "category": 5}}, {"model": "catalogue.productcategory", "pk": 24, "fields": {"product": 25, "category": 7}}, {"model": "catalogue.productcategory", "pk": 25, "fields": {"product": 26, "category": 7}}, {"model": "catalogue.productcategory", "pk": 26, "fields": {"product": 27, "category": 7}}, {"model": "catalogue.product", "pk": 4, "fields": {"structure": "standalone", "is_public": true, "upc": "", "parent": null, "title": "Metasploit", "slug": "metasploit", "description": "", "product_class": 1, "rating": null, "date_created": "2019-08-26T08:04:42.413Z", "date_updated": "2019-08-26T08:27:00.353Z", "is_discountable": true, "product_options": []}}, {"model": "catalogue.product", "pk": 5, "fields": {"structure": "standalone", "is_public": true, "upc": "", "parent": null, "title": "Forensic", "slug": "forensic", "description": "", "product_class": 1, "rating": null, "date_created": "2019-08-26T08:08:41.612Z", "date_updated": "2019-08-26T08:26:35.232Z", "is_discountable": true, "product_options": []}}, {"model": "catalogue.product", "pk": 6, "fields": {"structure": "standalone", "is_public": true, "upc": "", "parent": null, "title": "Ethical Hacking", "slug": "ethical-hacking", "description": "", "product_class": 1, "rating": null, "date_created": "2019-08-26T08:29:10.160Z", "date_updated": "2019-08-26T08:29:10.160Z", "is_discountable": true, "product_options": []}}, {"model": "catalogue.product", "pk": 7, "fields": {"structure": "standalone", "is_public": true, "upc": "", "parent": null, "title": "Base du hacking", "slug": "base-du-hacking", "description": "", "product_class": 1, "rating": null, "date_created": "2019-08-26T08:30:49.407Z", "date_updated": "2019-08-26T08:30:49.407Z", "is_discountable": true, "product_options": []}}, {"model": "catalogue.product", "pk": 8, "fields": {"structure": "standalone", "is_public": true, "upc": "", "parent": null, "title": "Hacking & Contre Hacking", "slug": "hacking-contre-hacking", "description": "", "product_class": 1, "rating": null, "date_created": "2019-08-26T08:32:24.059Z", "date_updated": "2019-08-26T08:32:24.059Z", "is_discountable": true, "product_options": []}}, {"model": "catalogue.product", "pk": 9, "fields": {"structure": "standalone", "is_public": true, "upc": "", "parent": null, "title": "Programmer avec ruby", "slug": "programmer-avec-ruby", "description": "", "product_class": 1, "rating": null, "date_created": "2019-08-26T08:33:47.942Z", "date_updated": "2019-08-26T08:33:47.942Z", "is_discountable": true, "product_options": []}}, {"model": "catalogue.product", "pk": 10, "fields": {"structure": "standalone", "is_public": true, "upc": "", "parent": null, "title": "Programmer en C++", "slug": "programmer-en-c", "description": "", "product_class": 1, "rating": null, "date_created": "2019-08-26T08:35:54.161Z", "date_updated": "2019-08-26T08:35:54.161Z", "is_discountable": true, "product_options": []}}, {"model": "catalogue.product", "pk": 11, "fields": {"structure": "standalone", "is_public": true, "upc": "", "parent": null, "title": "Python pour les nuls", "slug": "python-pour-les-nuls", "description": "", "product_class": 1, "rating": null, "date_created": "2019-08-26T08:37:37.957Z", "date_updated": "2019-08-26T08:37:37.957Z", "is_discountable": true, "product_options": []}}, {"model": "catalogue.product", "pk": 12, "fields": {"structure": "standalone", "is_public": true, "upc": "", "parent": null, "title": "Orient\u00e9 Objet avec Java", "slug": "oriente-objet-avec-java", "description": "", "product_class": 1, "rating": null, "date_created": "2019-08-26T08:39:52.898Z", "date_updated": "2019-08-26T08:39:52.898Z", "is_discountable": true, "product_options": []}}, {"model": "catalogue.product", "pk": 14, "fields": {"structure": "standalone", "is_public": true, "upc": "", "parent": null, "title": "Comptabilit\u00e9 - Concepts cl\u00e9s", "slug": "comptabilite-concepts-cles", "description": "", "product_class": 1, "rating": null, "date_created": "2019-08-26T08:45:07.572Z", "date_updated": "2019-08-26T08:45:07.572Z", "is_discountable": true, "product_options": []}}, {"model": "catalogue.product", "pk": 15, "fields": {"structure": "standalone", "is_public": true, "upc": "", "parent": null, "title": "Comptabilit\u00e9 pour les nuls", "slug": "comptabilite-pour-les-nuls", "description": "", "product_class": 1, "rating": null, "date_created": "2019-08-26T08:46:30.794Z", "date_updated": "2019-08-26T08:46:30.794Z", "is_discountable": true, "product_options": []}}, {"model": "catalogue.product", "pk": 16, "fields": {"structure": "standalone", "is_public": true, "upc": "", "parent": null, "title": "Le Personal MBA", "slug": "le-personal-mba", "description": "", "product_class": 1, "rating": null, "date_created": "2019-08-26T08:48:33.251Z", "date_updated": "2019-08-26T08:48:33.251Z", "is_discountable": true, "product_options": []}}, {"model": "catalogue.product", "pk": 17, "fields": {"structure": "standalone", "is_public": true, "upc": "", "parent": null, "title": "Comptabilit\u00e9-Finance-Gestion PRATIQUE", "slug": "comptabilite-finance-gestion-pratique", "description": "", "product_class": 1, "rating": null, "date_created": "2019-08-26T08:50:33.137Z", "date_updated": "2019-08-26T08:50:33.137Z", "is_discountable": true, "product_options": []}}, {"model": "catalogue.product", "pk": 19, "fields": {"structure": "standalone", "is_public": true, "upc": "", "parent": null, "title": "Comptabilit\u00e9 - Nouvelle approche", "slug": "comptabilite-nouvelle-approche", "description": "", "product_class": 1, "rating": null, "date_created": "2019-08-26T08:52:29.517Z", "date_updated": "2019-08-26T08:52:29.517Z", "is_discountable": true, "product_options": []}}, {"model": "catalogue.product", "pk": 20, "fields": {"structure": "standalone", "is_public": true, "upc": "", "parent": null, "title": "D\u00e9veloppement personnelle pour les nuls", "slug": "developpement-personnelle-pour-les-nuls", "description": "", "product_class": 1, "rating": null, "date_created": "2019-08-26T08:55:46.970Z", "date_updated": "2019-08-26T08:55:46.970Z", "is_discountable": true, "product_options": []}}, {"model": "catalogue.product", "pk": 21, "fields": {"structure": "standalone", "is_public": true, "upc": "", "parent": null, "title": "L'art d'aller \u00e0 l'essentiel", "slug": "lart-daller-a-lessentiel", "description": "", "product_class": 1, "rating": null, "date_created": "2019-08-26T08:57:16.613Z", "date_updated": "2019-08-26T08:57:16.613Z", "is_discountable": true, "product_options": []}}, {"model": "catalogue.product", "pk": 22, "fields": {"structure": "standalone", "is_public": true, "upc": "", "parent": null, "title": "Le pouvoir de votre subconscient", "slug": "le-pouvoir-de-votre-subconscient", "description": "", "product_class": 1, "rating": null, "date_created": "2019-08-26T08:58:46.293Z", "date_updated": "2019-08-26T08:58:46.293Z", "is_discountable": true, "product_options": []}}, {"model": "catalogue.product", "pk": 23, "fields": {"structure": "standalone", "is_public": true, "upc": "", "parent": null, "title": "D\u00e9veloppement personnelle pour les gens intelligents", "slug": "developpement-personnelle-pour-les-gens-intelligents", "description": "", "product_class": 1, "rating": null, "date_created": "2019-08-26T09:00:38.181Z", "date_updated": "2019-08-26T09:00:38.181Z", "is_discountable": true, "product_options": []}}, {"model": "catalogue.product", "pk": 24, "fields": {"structure": "standalone", "is_public": true, "upc": "", "parent": null, "title": "La magie de l'action", "slug": "la-magie-de-laction", "description": "", "product_class": 1, "rating": null, "date_created": "2019-08-26T09:02:20.069Z", "date_updated": "2019-08-26T09:02:20.069Z", "is_discountable": true, "product_options": []}}, {"model": "catalogue.product", "pk": 25, "fields": {"structure": "standalone", "is_public": true, "upc": "", "parent": null, "title": "La cl\u00e9 de la communication", "slug": "la-cle-de-la-communication", "description": "", "product_class": 1, "rating": null, "date_created": "2019-08-26T09:05:06.125Z", "date_updated": "2019-08-26T09:05:06.125Z", "is_discountable": true, "product_options": []}}, {"model": "catalogue.product", "pk": 26, "fields": {"structure": "standalone", "is_public": true, "upc": "", "parent": null, "title": "Le crime de l'orateur", "slug": "le-crime-de-lorateur", "description": "", "product_class": 1, "rating": null, "date_created": "2019-08-26T09:07:15.235Z", "date_updated": "2019-08-26T09:07:15.235Z", "is_discountable": true, "product_options": []}}, {"model": "catalogue.product", "pk": 27, "fields": {"structure": "standalone", "is_public": true, "upc": "", "parent": null, "title": "Communication", "slug": "communication", "description": "", "product_class": 1, "rating": null, "date_created": "2019-08-26T09:08:15.993Z", "date_updated": "2019-08-26T09:08:15.993Z", "is_discountable": true, "product_options": []}}, {"model": "catalogue.productimage", "pk": 2, "fields": {"product": 5, "original": "images/products/2019/08/foreinc.jpeg", "caption": "", "display_order": 0, "date_created": "2019-08-26T08:26:35.275Z"}}, {"model": "catalogue.productimage", "pk": 3, "fields": {"product": 4, "original": "images/products/2019/08/metasploit.jpeg", "caption": "", "display_order": 0, "date_created": "2019-08-26T08:27:00.409Z"}}, {"model": "catalogue.productimage", "pk": 4, "fields": {"product": 6, "original": "images/products/2019/08/ethical.jpeg", "caption": "", "display_order": 0, "date_created": "2019-08-26T08:29:10.386Z"}}, {"model": "catalogue.productimage", "pk": 5, "fields": {"product": 7, "original": "images/products/2019/08/base_hacking.jpeg", "caption": "", "display_order": 0, "date_created": "2019-08-26T08:30:49.691Z"}}, {"model": "catalogue.productimage", "pk": 6, "fields": {"product": 8, "original": "images/products/2019/08/5.jpeg", "caption": "", "display_order": 0, "date_created": "2019-08-26T08:32:24.278Z"}}, {"model": "catalogue.productimage", "pk": 7, "fields": {"product": 9, "original": "images/products/2019/08/5_E9XA4Bk.jpeg", "caption": "", "display_order": 0, "date_created": "2019-08-26T08:33:48.191Z"}}, {"model": "catalogue.productimage", "pk": 8, "fields": {"product": 10, "original": "images/products/2019/08/4.jpeg", "caption": "", "display_order": 0, "date_created": "2019-08-26T08:35:54.403Z"}}, {"model": "catalogue.productimage", "pk": 9, "fields": {"product": 11, "original": "images/products/2019/08/3.jpeg", "caption": "", "display_order": 0, "date_created": "2019-08-26T08:37:38.189Z"}}, {"model": "catalogue.productimage", "pk": 10, "fields": {"product": 12, "original": "images/products/2019/08/2.jpeg", "caption": "", "display_order": 0, "date_created": "2019-08-26T08:39:53.182Z"}}, {"model": "catalogue.productimage", "pk": 11, "fields": {"product": 14, "original": "images/products/2019/08/5_PKt4d6G.jpeg", "caption": "", "display_order": 0, "date_created": "2019-08-26T08:45:07.870Z"}}, {"model": "catalogue.productimage", "pk": 12, "fields": {"product": 15, "original": "images/products/2019/08/4.png", "caption": "", "display_order": 0, "date_created": "2019-08-26T08:46:31.027Z"}}, {"model": "catalogue.productimage", "pk": 13, "fields": {"product": 16, "original": "images/products/2019/08/3_CMZRQqW.jpeg", "caption": "", "display_order": 0, "date_created": "2019-08-26T08:48:33.517Z"}}, {"model": "catalogue.productimage", "pk": 14, "fields": {"product": 17, "original": "images/products/2019/08/2_52b64Se.jpeg", "caption": "", "display_order": 0, "date_created": "2019-08-26T08:50:33.375Z"}}, {"model": "catalogue.productimage", "pk": 16, "fields": {"product": 19, "original": "images/products/2019/08/1_NeYs3AN.jpeg", "caption": "", "display_order": 0, "date_created": "2019-08-26T08:52:29.734Z"}}, {"model": "catalogue.productimage", "pk": 17, "fields": {"product": 20, "original": "images/products/2019/08/5.png", "caption": "", "display_order": 0, "date_created": "2019-08-26T08:55:47.289Z"}}, {"model": "catalogue.productimage", "pk": 18, "fields": {"product": 21, "original": "images/products/2019/08/4_SUYHcEn.jpeg", "caption": "", "display_order": 0, "date_created": "2019-08-26T08:57:16.874Z"}}, {"model": "catalogue.productimage", "pk": 19, "fields": {"product": 22, "original": "images/products/2019/08/3_lJIRW54.jpeg", "caption": "", "display_order": 0, "date_created": "2019-08-26T08:58:46.637Z"}}, {"model": "catalogue.productimage", "pk": 20, "fields": {"product": 23, "original": "images/products/2019/08/2_lNK5YkR.jpeg", "caption": "", "display_order": 0, "date_created": "2019-08-26T09:00:38.440Z"}}, {"model": "catalogue.productimage", "pk": 21, "fields": {"product": 24, "original": "images/products/2019/08/1_4EdWfLA.jpeg", "caption": "", "display_order": 0, "date_created": "2019-08-26T09:02:20.284Z"}}, {"model": "catalogue.productimage", "pk": 22, "fields": {"product": 25, "original": "images/products/2019/08/5_kLRWVc9.png", "caption": "", "display_order": 0, "date_created": "2019-08-26T09:05:06.333Z"}}, {"model": "catalogue.productimage", "pk": 23, "fields": {"product": 26, "original": "images/products/2019/08/3_AEF5fHY.jpeg", "caption": "", "display_order": 0, "date_created": "2019-08-26T09:07:15.546Z"}}, {"model": "catalogue.productimage", "pk": 24, "fields": {"product": 27, "original": "images/products/2019/08/2_IQBnSHm.jpeg", "caption": "", "display_order": 0, "date_created": "2019-08-26T09:08:16.211Z"}}, {"model": "partner.stockrecord", "pk": 2, "fields": {"product": 4, "partner": 1, "partner_sku": "mt123", "price_currency": "EUR", "price_excl_tax": "20.00", "price_retail": "22.00", "cost_price": "17.00", "num_in_stock": 25, "num_allocated": null, "low_stock_threshold": 1, "date_created": "2019-08-26T08:04:42.680Z", "date_updated": "2019-08-26T08:04:42.680Z"}}, {"model": "partner.stockrecord", "pk": 3, "fields": {"product": 5, "partner": 1, "partner_sku": "fs123", "price_currency": "EUR", "price_excl_tax": "30.00", "price_retail": "36.00", "cost_price": "25.00", "num_in_stock": 25, "num_allocated": null, "low_stock_threshold": 1, "date_created": "2019-08-26T08:08:41.889Z", "date_updated": "2019-08-26T08:08:41.889Z"}}, {"model": "partner.stockrecord", "pk": 4, "fields": {"product": 6, "partner": 1, "partner_sku": "eh123", "price_currency": "EUR", "price_excl_tax": "40.00", "price_retail": "48.00", "cost_price": "33.00", "num_in_stock": 25, "num_allocated": null, "low_stock_threshold": 1, "date_created": "2019-08-26T08:29:10.409Z", "date_updated": "2019-08-26T08:29:10.409Z"}}, {"model": "partner.stockrecord", "pk": 5, "fields": {"product": 7, "partner": 1, "partner_sku": "bh123", "price_currency": "EUR", "price_excl_tax": "25.00", "price_retail": "30.00", "cost_price": "20.93", "num_in_stock": 25, "num_allocated": null, "low_stock_threshold": 1, "date_created": "2019-08-26T08:30:49.712Z", "date_updated": "2019-08-26T08:30:49.712Z"}}, {"model": "partner.stockrecord", "pk": 6, "fields": {"product": 8, "partner": 1, "partner_sku": "hch123", "price_currency": "EUR", "price_excl_tax": "60.00", "price_retail": "72.00", "cost_price": "52.00", "num_in_stock": 25, "num_allocated": null, "low_stock_threshold": 1, "date_created": "2019-08-26T08:32:24.299Z", "date_updated": "2019-08-26T08:32:24.299Z"}}, {"model": "partner.stockrecord", "pk": 7, "fields": {"product": 9, "partner": 1, "partner_sku": "pr124", "price_currency": "EUR", "price_excl_tax": "15.00", "price_retail": "18.00", "cost_price": "12.00", "num_in_stock": 25, "num_allocated": null, "low_stock_threshold": 1, "date_created": "2019-08-26T08:33:48.212Z", "date_updated": "2019-08-26T08:33:48.212Z"}}, {"model": "partner.stockrecord", "pk": 8, "fields": {"product": 10, "partner": 1, "partner_sku": "pc123", "price_currency": "EUR", "price_excl_tax": "18.00", "price_retail": "21.60", "cost_price": "15.00", "num_in_stock": 50, "num_allocated": null, "low_stock_threshold": 1, "date_created": "2019-08-26T08:35:54.423Z", "date_updated": "2019-08-26T08:35:54.423Z"}}, {"model": "partner.stockrecord", "pk": 9, "fields": {"product": 11, "partner": 1, "partner_sku": "ppy123", "price_currency": "EUR", "price_excl_tax": "25.00", "price_retail": "30.00", "cost_price": "20.00", "num_in_stock": 45, "num_allocated": null, "low_stock_threshold": 1, "date_created": "2019-08-26T08:37:38.209Z", "date_updated": "2019-08-26T08:37:38.209Z"}}, {"model": "partner.stockrecord", "pk": 10, "fields": {"product": 12, "partner": 1, "partner_sku": "pj123", "price_currency": "EUR", "price_excl_tax": "16.00", "price_retail": "18.20", "cost_price": "14.00", "num_in_stock": 48, "num_allocated": null, "low_stock_threshold": 1, "date_created": "2019-08-26T08:39:53.227Z", "date_updated": "2019-08-26T08:39:53.227Z"}}, {"model": "partner.stockrecord", "pk": 12, "fields": {"product": 14, "partner": 1, "partner_sku": "ccc123", "price_currency": "EUR", "price_excl_tax": "45.00", "price_retail": "54.00", "cost_price": "37.00", "num_in_stock": 65, "num_allocated": null, "low_stock_threshold": 1, "date_created": "2019-08-26T08:45:07.892Z", "date_updated": "2019-08-26T08:45:07.892Z"}}, {"model": "partner.stockrecord", "pk": 13, "fields": {"product": 15, "partner": 1, "partner_sku": "cpn142", "price_currency": "EUR", "price_excl_tax": "20.00", "price_retail": "24.00", "cost_price": "17.00", "num_in_stock": 25, "num_allocated": null, "low_stock_threshold": 1, "date_created": "2019-08-26T08:46:31.049Z", "date_updated": "2019-08-26T08:46:31.049Z"}}, {"model": "partner.stockrecord", "pk": 14, "fields": {"product": 16, "partner": 1, "partner_sku": "pmba12", "price_currency": "EUR", "price_excl_tax": "30.00", "price_retail": "33.00", "cost_price": "26.00", "num_in_stock": 25, "num_allocated": null, "low_stock_threshold": 1, "date_created": "2019-08-26T08:48:33.557Z", "date_updated": "2019-08-26T08:48:33.557Z"}}, {"model": "partner.stockrecord", "pk": 15, "fields": {"product": 17, "partner": 1, "partner_sku": "cfg12", "price_currency": "EUR", "price_excl_tax": "45.00", "price_retail": "54.00", "cost_price": "40.00", "num_in_stock": 35, "num_allocated": null, "low_stock_threshold": 1, "date_created": "2019-08-26T08:50:33.397Z", "date_updated": "2019-08-26T08:50:33.397Z"}}, {"model": "partner.stockrecord", "pk": 16, "fields": {"product": 19, "partner": 1, "partner_sku": "cna16", "price_currency": "EUR", "price_excl_tax": "20.00", "price_retail": "24.00", "cost_price": "16.00", "num_in_stock": 25, "num_allocated": null, "low_stock_threshold": 1, "date_created": "2019-08-26T08:52:29.754Z", "date_updated": "2019-08-26T08:52:29.754Z"}}, {"model": "partner.stockrecord", "pk": 17, "fields": {"product": 20, "partner": 1, "partner_sku": "dpn15", "price_currency": "EUR", "price_excl_tax": "18.00", "price_retail": "21.60", "cost_price": "14.00", "num_in_stock": 27, "num_allocated": null, "low_stock_threshold": 1, "date_created": "2019-08-26T08:55:47.309Z", "date_updated": "2019-08-26T08:55:47.309Z"}}, {"model": "partner.stockrecord", "pk": 18, "fields": {"product": 21, "partner": 1, "partner_sku": "adae12", "price_currency": "EUR", "price_excl_tax": "35.00", "price_retail": "42.00", "cost_price": "30.00", "num_in_stock": 28, "num_allocated": null, "low_stock_threshold": 1, "date_created": "2019-08-26T08:57:16.894Z", "date_updated": "2019-08-26T08:57:16.894Z"}}, {"model": "partner.stockrecord", "pk": 19, "fields": {"product": 22, "partner": 1, "partner_sku": "lps321", "price_currency": "EUR", "price_excl_tax": "35.00", "price_retail": "42.00", "cost_price": "28.00", "num_in_stock": 25, "num_allocated": null, "low_stock_threshold": 1, "date_created": "2019-08-26T08:58:46.665Z", "date_updated": "2019-08-26T08:58:46.665Z"}}, {"model": "partner.stockrecord", "pk": 20, "fields": {"product": 23, "partner": 1, "partner_sku": "dpgi32", "price_currency": "EUR", "price_excl_tax": "40.00", "price_retail": "48.00", "cost_price": "30.00", "num_in_stock": 25, "num_allocated": null, "low_stock_threshold": 1, "date_created": "2019-08-26T09:00:38.467Z", "date_updated": "2019-08-26T09:00:38.467Z"}}, {"model": "partner.stockrecord", "pk": 21, "fields": {"product": 24, "partner": 1, "partner_sku": "lma21", "price_currency": "EUR", "price_excl_tax": "30.00", "price_retail": "36.00", "cost_price": "23.00", "num_in_stock": 32, "num_allocated": null, "low_stock_threshold": 1, "date_created": "2019-08-26T09:02:20.304Z", "date_updated": "2019-08-26T09:02:20.304Z"}}, {"model": "partner.stockrecord", "pk": 22, "fields": {"product": 25, "partner": 1, "partner_sku": "lcc321", "price_currency": "EUR", "price_excl_tax": "15.00", "price_retail": "18.00", "cost_price": "12.00", "num_in_stock": 50, "num_allocated": null, "low_stock_threshold": 1, "date_created": "2019-08-26T09:05:06.353Z", "date_updated": "2019-08-26T09:05:06.353Z"}}, {"model": "partner.stockrecord", "pk": 23, "fields": {"product": 26, "partner": 1, "partner_sku": "lco123", "price_currency": "EUR", "price_excl_tax": "25.00", "price_retail": "30.00", "cost_price": "19.00", "num_in_stock": 25, "num_allocated": null, "low_stock_threshold": 1, "date_created": "2019-08-26T09:07:15.569Z", "date_updated": "2019-08-26T09:07:15.569Z"}}, {"model": "partner.stockrecord", "pk": 24, "fields": {"product": 27, "partner": 1, "partner_sku": "c123", "price_currency": "EUR", "price_excl_tax": "20.00", "price_retail": "24.00", "cost_price": "16.00", "num_in_stock": 25, "num_allocated": null, "low_stock_threshold": 1, "date_created": "2019-08-26T09:08:16.231Z", "date_updated": "2019-08-26T09:08:16.231Z"}}, {"model": "basket.line", "pk": 4, "fields": {"basket": 3, "line_reference": "27_24", "product": 27, "stockrecord": 24, "quantity": 1, "price_currency": "EUR", "price_excl_tax": "20.00", "price_incl_tax": "20.00", "date_created": "2019-08-26T17:38:35.921Z"}}, {"model": "thumbnail.kvstore", "pk": "oscar-sandbox||image||00a8bb5ec7d1d76f4d2e0409f4977fd4", "fields": {"value": "{\"name\": \"images/products/2019/08/2.jpeg\", \"storage\": \"django.core.files.storage.FileSystemStorage\", \"size\": [206, 244]}"}}, {"model": "thumbnail.kvstore", "pk": "oscar-sandbox||image||062d16ecc07acbb08afe15ea4a0d4141", "fields": {"value": "{\"name\": \"cache/e4/b2/e4b2bdddd48c3bb63d9dcbf745b0ee29.jpg\", \"storage\": \"django.core.files.storage.FileSystemStorage\", \"size\": [116, 155]}"}}, {"model": "thumbnail.kvstore", "pk": "oscar-sandbox||image||070ab96ecc08b1038ca25a861719e15c", "fields": {"value": "{\"name\": \"cache/7c/ff/7cff3156aa752e21f96c17e833e5b45b.jpg\", \"storage\": \"storages.backends.s3boto3.S3Boto3Storage\", \"size\": [105, 154]}"}}, {"model": "thumbnail.kvstore", "pk": "oscar-sandbox||image||0a390a56d24d5722d0b5f29834ecec1e", "fields": {"value": "{\"name\": \"cache/8d/2d/8d2d864de62ce594860e00a09b5299cf.jpg\", \"storage\": \"django.core.files.storage.FileSystemStorage\", \"size\": [109, 155]}"}}, {"model": "thumbnail.kvstore", "pk": "oscar-sandbox||image||0c858426f377ab52033761cc2c981f59", "fields": {"value": "{\"name\": \"images/products/2019/08/3_AEF5fHY.jpeg\", \"storage\": \"django.core.files.storage.FileSystemStorage\", \"size\": [182, 277]}"}}, {"model": "thumbnail.kvstore", "pk": "oscar-sandbox||image||0ce061b0a96b5191962ee61e7c02df14", "fields": {"value": "{\"name\": \"cache/7f/26/7f261fabf64cc471c75c09f9a98ae9d5.jpg\", \"storage\": \"django.core.files.storage.FileSystemStorage\", \"size\": [105, 154]}"}}, {"model": "thumbnail.kvstore", "pk": "oscar-sandbox||image||0d23d0e250cb715534e9bd007744be33", "fields": {"value": "{\"name\": \"cache/98/54/9854bf7da15cb4707edaa668adac71bc.jpg\", \"storage\": \"storages.backends.s3boto3.S3Boto3Storage\", \"size\": [155, 155]}"}}, {"model": "thumbnail.kvstore", "pk": "oscar-sandbox||image||0e3a09672dc7f94d61da5284e724d39d", "fields": {"value": "{\"name\": \"cache/34/29/34295d43bb904493e2816dcc433e013a.jpg\", \"storage\": \"django.core.files.storage.FileSystemStorage\", \"size\": [128, 155]}"}}, {"model": "thumbnail.kvstore", "pk": "oscar-sandbox||image||12d4ec719c15d8fb188e77367b59748e", "fields": {"value": "{\"name\": \"cache/21/73/21734d751e9bcffb59ec91db43c321cf.jpg\", \"storage\": \"django.core.files.storage.FileSystemStorage\", \"size\": [84, 100]}"}}, {"model": "thumbnail.kvstore", "pk": "oscar-sandbox||image||13a35059a7d2ff4b1da6c90dd2ebc57a", "fields": {"value": "{\"name\": \"cache/11/cc/11cc61b442715470450e139ef5c8f64f.jpg\", \"storage\": \"storages.backends.s3boto3.S3Boto3Storage\", \"size\": [109, 155]}"}}, {"model": "thumbnail.kvstore", "pk": "oscar-sandbox||image||15abddf483364d7db612b32402febf66", "fields": {"value": "{\"name\": \"cache/68/72/687225c5a34e8fb838def0984b5ff5d6.jpg\", \"storage\": \"django.core.files.storage.FileSystemStorage\", \"size\": [58, 70]}"}}, {"model": "thumbnail.kvstore", "pk": "oscar-sandbox||image||1956bc3b3b81343e0453bf1644ec57ca", "fields": {"value": "{\"name\": \"cache/07/a2/07a20da6b3f18099765808951585d3b1.jpg\", \"storage\": \"storages.backends.s3boto3.S3Boto3Storage\", \"size\": [155, 155]}"}}, {"model": "thumbnail.kvstore", "pk": "oscar-sandbox||image||1c212cb1e85efb4ef0d2215bcceead6f", "fields": {"value": "{\"name\": \"images/products/2019/08/2_52b64Se.jpeg\", \"storage\": \"storages.backends.s3boto3.S3Boto3Storage\", \"size\": [185, 272]}"}}, {"model": "thumbnail.kvstore", "pk": "oscar-sandbox||image||1eb4005e4f397cebc2e35f2d325d2eeb", "fields": {"value": "{\"name\": \"cache/9f/a7/9fa79822f6161d55d4dacd148ce502eb.jpg\", \"storage\": \"django.core.files.storage.FileSystemStorage\", \"size\": [58, 70]}"}}, {"model": "thumbnail.kvstore", "pk": "oscar-sandbox||image||22722d99af687bec2b6f434fea75ec7f", "fields": {"value": "{\"name\": \"images/products/2019/08/1_4EdWfLA.jpeg\", \"storage\": \"storages.backends.s3boto3.S3Boto3Storage\", \"size\": [174, 289]}"}}, {"model": "thumbnail.kvstore", "pk": "oscar-sandbox||image||23d5493c59de8a8c2a304a806a7958df", "fields": {"value": "{\"name\": \"images/products/2019/08/2_lNK5YkR.jpeg\", \"storage\": \"django.core.files.storage.FileSystemStorage\", \"size\": [182, 277]}"}}, {"model": "thumbnail.kvstore", "pk": "oscar-sandbox||image||2568a7dd2469e956be5284bad4c53b25", "fields": {"value": "{\"name\": \"images/products/2019/08/1.jpeg\", \"storage\": \"storages.backends.s3boto3.S3Boto3Storage\", \"size\": [188, 267]}"}}, {"model": "thumbnail.kvstore", "pk": "oscar-sandbox||image||291a42c18fde16664ca21653db277963", "fields": {"value": "{\"name\": \"images/products/2019/08/1_NeYs3AN.jpeg\", \"storage\": \"storages.backends.s3boto3.S3Boto3Storage\", \"size\": [188, 267]}"}}, {"model": "thumbnail.kvstore", "pk": "oscar-sandbox||image||2a3c370e5ee9b9617a22a43bce2d6629", "fields": {"value": "{\"name\": \"images/products/2019/08/4_SUYHcEn.jpeg\", \"storage\": \"storages.backends.s3boto3.S3Boto3Storage\", \"size\": [225, 225]}"}}, {"model": "thumbnail.kvstore", "pk": "oscar-sandbox||image||3039fec1505092bd8f5ad96e137c454d", "fields": {"value": "{\"name\": \"cache/52/17/521778da637c1c6b4fc98a6b4affabf9.jpg\", \"storage\": \"django.core.files.storage.FileSystemStorage\", \"size\": [155, 155]}"}}, {"model": "thumbnail.kvstore", "pk": "oscar-sandbox||image||325a0f0cdd98fb37e76502dfe4d11575", "fields": {"value": "{\"name\": \"cache/fb/93/fb93fd429649ae8c1433fbe0d4c63f18.jpg\", \"storage\": \"django.core.files.storage.FileSystemStorage\", \"size\": [110, 155]}"}}, {"model": "thumbnail.kvstore", "pk": "oscar-sandbox||image||333d9bc5d06398a67bb04eb910e0936c", "fields": {"value": "{\"name\": \"image_not_found.jpg\", \"storage\": \"django.core.files.storage.FileSystemStorage\", \"size\": [400, 300]}"}}, {"model": "thumbnail.kvstore", "pk": "oscar-sandbox||image||33bfe665e4d3459a41afccc92d2e934d", "fields": {"value": "{\"name\": \"cache/14/9a/149a84db2d6126291f46c7760a45d7cc.jpg\", \"storage\": \"django.core.files.storage.FileSystemStorage\", \"size\": [48, 70]}"}}, {"model": "thumbnail.kvstore", "pk": "oscar-sandbox||image||340b56d476e40263b977bdfffe4ca4b2", "fields": {"value": "{\"name\": \"cache/cc/c0/ccc02187d0f05d92a154565154ec5742.jpg\", \"storage\": \"django.core.files.storage.FileSystemStorage\", \"size\": [52, 70]}"}}, {"model": "thumbnail.kvstore", "pk": "oscar-sandbox||image||38c410f3ce957611ccf3fac165a1d3a6", "fields": {"value": "{\"name\": \"cache/4f/52/4f52f0e3d987164bded6c991fc75fb65.jpg\", \"storage\": \"django.core.files.storage.FileSystemStorage\", \"size\": [50, 70]}"}}, {"model": "thumbnail.kvstore", "pk": "oscar-sandbox||image||390f32b703d5b0e8506d78552a623878", "fields": {"value": "{\"name\": \"cache/f0/f7/f0f7a22dce25612a833b81fce3f95904.jpg\", \"storage\": \"django.core.files.storage.FileSystemStorage\", \"size\": [109, 155]}"}}, {"model": "thumbnail.kvstore", "pk": "oscar-sandbox||image||3bddfb36bdf7cea223b0329b27a327e7", "fields": {"value": "{\"name\": \"images/products/2019/08/3_lJIRW54.jpeg\", \"storage\": \"storages.backends.s3boto3.S3Boto3Storage\", \"size\": [180, 280]}"}}, {"model": "thumbnail.kvstore", "pk": "oscar-sandbox||image||3fd685c851a1ec26a893940649f8f95a", "fields": {"value": "{\"name\": \"images/products/2019/08/4.jpeg\", \"storage\": \"django.core.files.storage.FileSystemStorage\", \"size\": [200, 242]}"}}, {"model": "thumbnail.kvstore", "pk": "oscar-sandbox||image||47d0eedd6cda0fbf3273679965f59247", "fields": {"value": "{\"name\": \"cache/37/ab/37ab775a3c801c5db629b7e3be62bfda.jpg\", \"storage\": \"django.core.files.storage.FileSystemStorage\", \"size\": [155, 155]}"}}, {"model": "thumbnail.kvstore", "pk": "oscar-sandbox||image||496f6fda793cb75b5d268984ece7cefd", "fields": {"value": "{\"name\": \"cache/49/b6/49b624c47a06a206df107bf6948fbfac.jpg\", \"storage\": \"django.core.files.storage.FileSystemStorage\", \"size\": [70, 70]}"}}, {"model": "thumbnail.kvstore", "pk": "oscar-sandbox||image||4bff2bb3e67c0a4eb521b93723d30f1b", "fields": {"value": "{\"name\": \"images/products/2019/08/5_E9XA4Bk.jpeg\", \"storage\": \"django.core.files.storage.FileSystemStorage\", \"size\": [194, 259]}"}}, {"model": "thumbnail.kvstore", "pk": "oscar-sandbox||image||4d3dbe4dca074ef8871feeaf7d15b0d3", "fields": {"value": "{\"name\": \"cache/f8/c9/f8c933c5c6726e9f2f1ac123e39da4b6.jpg\", \"storage\": \"django.core.files.storage.FileSystemStorage\", \"size\": [100, 155]}"}}, {"model": "thumbnail.kvstore", "pk": "oscar-sandbox||image||50099ac5370e46b08203c996d780ef66", "fields": {"value": "{\"name\": \"cache/ad/a8/ada8d4a9d415955b72e797e1d398b7fe.jpg\", \"storage\": \"storages.backends.s3boto3.S3Boto3Storage\", \"size\": [103, 155]}"}}, {"model": "thumbnail.kvstore", "pk": "oscar-sandbox||image||536891419a76bd18ae7a4ab490c64c3c", "fields": {"value": "{\"name\": \"cache/66/d6/66d657899ff787f6e064f20f97975501.jpg\", \"storage\": \"django.core.files.storage.FileSystemStorage\", \"size\": [128, 155]}"}}, {"model": "thumbnail.kvstore", "pk": "oscar-sandbox||image||56c0f1acc89282ec55d411e19ed16ca1", "fields": {"value": "{\"name\": \"cache/1f/e1/1fe125e78eacbc1ac68407f28ecf5b7c.jpg\", \"storage\": \"django.core.files.storage.FileSystemStorage\", \"size\": [47, 70]}"}}, {"model": "thumbnail.kvstore", "pk": "oscar-sandbox||image||5757ad0b192d8ce5c92b55b734f58217", "fields": {"value": "{\"name\": \"cache/6b/1d/6b1d45a237b8a776dc6a3028245fb3d9.jpg\", \"storage\": \"django.core.files.storage.FileSystemStorage\", \"size\": [155, 155]}"}}, {"model": "thumbnail.kvstore", "pk": "oscar-sandbox||image||59c17eb26893a88c61091c570e35653d", "fields": {"value": "{\"name\": \"cache/1a/eb/1aeb8b67ad91b60454a6e33b537ac650.jpg\", \"storage\": \"django.core.files.storage.FileSystemStorage\", \"size\": [58, 70]}"}}, {"model": "thumbnail.kvstore", "pk": "oscar-sandbox||image||5b1afb06ee85d160cf0fd3689ab2b9bb", "fields": {"value": "{\"name\": \"cache/33/af/33af809e6539f3a3da2770fd92b6f7ad.jpg\", \"storage\": \"django.core.files.storage.FileSystemStorage\", \"size\": [49, 70]}"}}, {"model": "thumbnail.kvstore", "pk": "oscar-sandbox||image||5b441656b35fa019cb1ba97ca20c14a9", "fields": {"value": "{\"name\": \"cache/4c/41/4c41343e01033107331010be57380dfc.jpg\", \"storage\": \"django.core.files.storage.FileSystemStorage\", \"size\": [70, 70]}"}}, {"model": "thumbnail.kvstore", "pk": "oscar-sandbox||image||5f0d3a42c4f7755c2fd39a18d503c039", "fields": {"value": "{\"name\": \"images/products/2019/08/3_lJIRW54.jpeg\", \"storage\": \"django.core.files.storage.FileSystemStorage\", \"size\": [180, 280]}"}}, {"model": "thumbnail.kvstore", "pk": "oscar-sandbox||image||64b3b581c0b1daa823d2e5600e60a8f2", "fields": {"value": "{\"name\": \"images/products/2019/08/5_kLRWVc9.png\", \"storage\": \"django.core.files.storage.FileSystemStorage\", \"size\": [183, 275]}"}}, {"model": "thumbnail.kvstore", "pk": "oscar-sandbox||image||655185c2b453bf5cbe3b8712e08c0b62", "fields": {"value": "{\"name\": \"cache/40/1a/401a0b5be3525c12ebface77f9b88cc2.jpg\", \"storage\": \"django.core.files.storage.FileSystemStorage\", \"size\": [102, 155]}"}}, {"model": "thumbnail.kvstore", "pk": "oscar-sandbox||image||6771fc58595fb3a0514440e8b268f34e", "fields": {"value": "{\"name\": \"cache/b6/1d/b61da75656f005a3ea8e3702493d8559.jpg\", \"storage\": \"django.core.files.storage.FileSystemStorage\", \"size\": [49, 70]}"}}, {"model": "thumbnail.kvstore", "pk": "oscar-sandbox||image||6a190f59a5b1a63125252f0741e315b9", "fields": {"value": "{\"name\": \"cache/ab/61/ab616e23c9edd090ce8af8dd4b090538.jpg\", \"storage\": \"django.core.files.storage.FileSystemStorage\", \"size\": [59, 70]}"}}, {"model": "thumbnail.kvstore", "pk": "oscar-sandbox||image||6b314f5c1901df4a296fd267e6b632e1", "fields": {"value": "{\"name\": \"images/products/2019/08/metasploit.jpeg\", \"storage\": \"django.core.files.storage.FileSystemStorage\", \"size\": [189, 267]}"}}, {"model": "thumbnail.kvstore", "pk": "oscar-sandbox||image||6dfeb94a7acc426735636553db6bc8de", "fields": {"value": "{\"name\": \"cache/d4/3f/d43f07f8394a8dd3a68d11851f51961f.jpg\", \"storage\": \"storages.backends.s3boto3.S3Boto3Storage\", \"size\": [128, 155]}"}}, {"model": "thumbnail.kvstore", "pk": "oscar-sandbox||image||70c6f133e5237e78ffb4832261b41f6a", "fields": {"value": "{\"name\": \"images/products/2019/08/3_AEF5fHY.jpeg\", \"storage\": \"storages.backends.s3boto3.S3Boto3Storage\", \"size\": [182, 277]}"}}, {"model": "thumbnail.kvstore", "pk": "oscar-sandbox||image||773f811b37a493d5e84a296b44076d31", "fields": {"value": "{\"name\": \"images/products/2019/08/4.png\", \"storage\": \"storages.backends.s3boto3.S3Boto3Storage\", \"size\": [225, 225]}"}}, {"model": "thumbnail.kvstore", "pk": "oscar-sandbox||image||7c55776b3c682dd94c91c3e35ac6b9bb", "fields": {"value": "{\"name\": \"images/products/2019/08/4.png\", \"storage\": \"django.core.files.storage.FileSystemStorage\", \"size\": [225, 225]}"}}, {"model": "thumbnail.kvstore", "pk": "oscar-sandbox||image||7e6bc0e04f73944c09be3d86586ae6a3", "fields": {"value": "{\"name\": \"images/products/2019/08/1_NeYs3AN.jpeg\", \"storage\": \"django.core.files.storage.FileSystemStorage\", \"size\": [188, 267]}"}}, {"model": "thumbnail.kvstore", "pk": "oscar-sandbox||image||8051387194f216864a1089a9c6cb1993", "fields": {"value": "{\"name\": \"cache/7b/02/7b02046744d0007dce564be2b27b194b.jpg\", \"storage\": \"django.core.files.storage.FileSystemStorage\", \"size\": [131, 155]}"}}, {"model": "thumbnail.kvstore", "pk": "oscar-sandbox||image||82d86649c337485d7ce16762750e524c", "fields": {"value": "{\"name\": \"cache/ee/d6/eed6bcfd8732ca981f2d25a20233226c.jpg\", \"storage\": \"django.core.files.storage.FileSystemStorage\", \"size\": [207, 155]}"}}, {"model": "thumbnail.kvstore", "pk": "oscar-sandbox||image||898654ed6a0c235c24891b3dbf32bc5c", "fields": {"value": "{\"name\": \"cache/33/db/33db197015220ac6a055a4905edc7f15.jpg\", \"storage\": \"storages.backends.s3boto3.S3Boto3Storage\", \"size\": [93, 154]}"}}, {"model": "thumbnail.kvstore", "pk": "oscar-sandbox||image||8abb2671e45b50ea91f261c662a1c80b", "fields": {"value": "{\"name\": \"cache/73/0e/730e1b89062f67dd989ba9e38c212ac1.jpg\", \"storage\": \"django.core.files.storage.FileSystemStorage\", \"size\": [128, 155]}"}}, {"model": "thumbnail.kvstore", "pk": "oscar-sandbox||image||8b43a8b75982d7a9fb1680b9eb012d3a", "fields": {"value": "{\"name\": \"cache/72/92/7292c0e4db559c9e510ab86de3294d20.jpg\", \"storage\": \"django.core.files.storage.FileSystemStorage\", \"size\": [102, 155]}"}}, {"model": "thumbnail.kvstore", "pk": "oscar-sandbox||image||8d47013f729aac2296a748efb493de2d", "fields": {"value": "{\"name\": \"images/products/2019/08/5_PKt4d6G.jpeg\", \"storage\": \"django.core.files.storage.FileSystemStorage\", \"size\": [188, 266]}"}}, {"model": "thumbnail.kvstore", "pk": "oscar-sandbox||image||8d50f46ddba6400037e2dc5cd7829ee5", "fields": {"value": "{\"name\": \"cache/11/86/1186c9d5d1467a5756ad5e27dd2a88d8.jpg\", \"storage\": \"django.core.files.storage.FileSystemStorage\", \"size\": [123, 155]}"}}, {"model": "thumbnail.kvstore", "pk": "oscar-sandbox||image||8ea1650ca7e50c2ca98179b2807dfdff", "fields": {"value": "{\"name\": \"images/products/2019/08/1_4EdWfLA.jpeg\", \"storage\": \"django.core.files.storage.FileSystemStorage\", \"size\": [174, 289]}"}}, {"model": "thumbnail.kvstore", "pk": "oscar-sandbox||image||93df6d5f3e8289794fc25fcabf1f5245", "fields": {"value": "{\"name\": \"images/products/2019/08/2_IQBnSHm.jpeg\", \"storage\": \"storages.backends.s3boto3.S3Boto3Storage\", \"size\": [225, 225]}"}}, {"model": "thumbnail.kvstore", "pk": "oscar-sandbox||image||96603ef1f5c65d0a39455552cadabbc3", "fields": {"value": "{\"name\": \"cache/69/16/6916285c4a3fec1f1cfae84e3fba6a5f.jpg\", \"storage\": \"django.core.files.storage.FileSystemStorage\", \"size\": [188, 268]}"}}, {"model": "thumbnail.kvstore", "pk": "oscar-sandbox||image||9a7a5d44ac1e1a39e9b994eaea190723", "fields": {"value": "{\"name\": \"images/products/2019/08/3_CMZRQqW.jpeg\", \"storage\": \"django.core.files.storage.FileSystemStorage\", \"size\": [300, 168]}"}}, {"model": "thumbnail.kvstore", "pk": "oscar-sandbox||image||9acc35b0b3a1f8b63db268ac89417a22", "fields": {"value": "{\"name\": \"images/products/2019/08/base_hacking.jpeg\", \"storage\": \"django.core.files.storage.FileSystemStorage\", \"size\": [188, 268]}"}}, {"model": "thumbnail.kvstore", "pk": "oscar-sandbox||image||9edc535999bfa6d17681e1eedd6cd912", "fields": {"value": "{\"name\": \"cache/88/dc/88dc8e3058d2e60cfb3b1520f5dca8e8.jpg\", \"storage\": \"django.core.files.storage.FileSystemStorage\", \"size\": [42, 70]}"}}, {"model": "thumbnail.kvstore", "pk": "oscar-sandbox||image||9f34df253cb95b3f83563f1bc701e7fb", "fields": {"value": "{\"name\": \"cache/c6/d8/c6d8410638bd06bcf996fd7eaa51b3e1.jpg\", \"storage\": \"storages.backends.s3boto3.S3Boto3Storage\", \"size\": [155, 155]}"}}, {"model": "thumbnail.kvstore", "pk": "oscar-sandbox||image||a213467066d4249b5ad742acd6e78a86", "fields": {"value": "{\"name\": \"cache/f7/3e/f73e3682143c221e89319830b2b91285.jpg\", \"storage\": \"storages.backends.s3boto3.S3Boto3Storage\", \"size\": [100, 155]}"}}, {"model": "thumbnail.kvstore", "pk": "oscar-sandbox||image||a34498479b349e1d695a39546f98cc26", "fields": {"value": "{\"name\": \"images/products/2019/08/2_lNK5YkR.jpeg\", \"storage\": \"storages.backends.s3boto3.S3Boto3Storage\", \"size\": [182, 277]}"}}, {"model": "thumbnail.kvstore", "pk": "oscar-sandbox||image||a3d00d08f0755a59e6782d864b2cf6df", "fields": {"value": "{\"name\": \"images/products/2019/08/2_52b64Se.jpeg\", \"storage\": \"django.core.files.storage.FileSystemStorage\", \"size\": [185, 272]}"}}, {"model": "thumbnail.kvstore", "pk": "oscar-sandbox||image||a5180dc0a378a1eded2ad394fbba0b05", "fields": {"value": "{\"name\": \"images/products/2019/08/5_kLRWVc9.png\", \"storage\": \"storages.backends.s3boto3.S3Boto3Storage\", \"size\": [183, 275]}"}}, {"model": "thumbnail.kvstore", "pk": "oscar-sandbox||image||a5507b0b7fc0f35521492048fd2e82c2", "fields": {"value": "{\"name\": \"cache/65/d9/65d9eb890eaaad6376c7a3b632cf1116.jpg\", \"storage\": \"django.core.files.storage.FileSystemStorage\", \"size\": [58, 70]}"}}, {"model": "thumbnail.kvstore", "pk": "oscar-sandbox||image||aa7f3ae2a08672add8358b6e3bca1dca", "fields": {"value": "{\"name\": \"cache/16/9d/169d2e6b9f188a62fe0552100ec58f77.jpg\", \"storage\": \"django.core.files.storage.FileSystemStorage\", \"size\": [45, 70]}"}}, {"model": "thumbnail.kvstore", "pk": "oscar-sandbox||image||aac0d022dde61c841a48502a096a01f8", "fields": {"value": "{\"name\": \"images/products/2019/08/foreinc.jpeg\", \"storage\": \"django.core.files.storage.FileSystemStorage\", \"size\": [204, 248]}"}}, {"model": "thumbnail.kvstore", "pk": "oscar-sandbox||image||b3ab5b83f8b735a6a1b06f257ce7dab6", "fields": {"value": "{\"name\": \"cache/72/18/7218333d0f8c02b1df2a7d90a8cadb7f.jpg\", \"storage\": \"django.core.files.storage.FileSystemStorage\", \"size\": [46, 70]}"}}, {"model": "thumbnail.kvstore", "pk": "oscar-sandbox||image||bdf1042087c665124c16fe392f969cb3", "fields": {"value": "{\"name\": \"images/products/2019/08/5.png\", \"storage\": \"django.core.files.storage.FileSystemStorage\", \"size\": [204, 247]}"}}, {"model": "thumbnail.kvstore", "pk": "oscar-sandbox||image||be7c051ee97fcd62a958403d1c17388f", "fields": {"value": "{\"name\": \"cache/b7/ad/b7ad0087f7eaabad6c62eb829fd14541.jpg\", \"storage\": \"storages.backends.s3boto3.S3Boto3Storage\", \"size\": [277, 155]}"}}, {"model": "thumbnail.kvstore", "pk": "oscar-sandbox||image||c45b470828f5b557aebd48dbf04d4ecd", "fields": {"value": "{\"name\": \"cache/e4/08/e408f09b43d8d837007f77469eb77127.jpg\", \"storage\": \"django.core.files.storage.FileSystemStorage\", \"size\": [103, 155]}"}}, {"model": "thumbnail.kvstore", "pk": "oscar-sandbox||image||c764b4d5227971dc43fe2e91fcd93a8f", "fields": {"value": "{\"name\": \"images/products/2019/08/5.png\", \"storage\": \"storages.backends.s3boto3.S3Boto3Storage\", \"size\": [204, 247]}"}}, {"model": "thumbnail.kvstore", "pk": "oscar-sandbox||image||ca7eaaaaa2e68b9f2c7e7663db979035", "fields": {"value": "{\"name\": \"images/products/2019/08/3.jpeg\", \"storage\": \"django.core.files.storage.FileSystemStorage\", \"size\": [204, 247]}"}}, {"model": "thumbnail.kvstore", "pk": "oscar-sandbox||image||ca82bf6ca69d7333ed5f293b2cb57a31", "fields": {"value": "{\"name\": \"cache/61/42/6142d6bd497cb38ee10942098dbfd20a.jpg\", \"storage\": \"django.core.files.storage.FileSystemStorage\", \"size\": [110, 155]}"}}, {"model": "thumbnail.kvstore", "pk": "oscar-sandbox||image||cb435a4a9ec74e5ac5a6e6f5fb3c8a54", "fields": {"value": "{\"name\": \"cache/39/bc/39bcaf70513656660896db4018478ee7.jpg\", \"storage\": \"django.core.files.storage.FileSystemStorage\", \"size\": [50, 70]}"}}, {"model": "thumbnail.kvstore", "pk": "oscar-sandbox||image||ce4234d2177b424f5c29e20f30896fff", "fields": {"value": "{\"name\": \"cache/c9/ec/c9ec5c2445ea0b56999950767e0ca5f2.jpg\", \"storage\": \"storages.backends.s3boto3.S3Boto3Storage\", \"size\": [102, 155]}"}}, {"model": "thumbnail.kvstore", "pk": "oscar-sandbox||image||cea46477de1bac94989894dda9f0ffc7", "fields": {"value": "{\"name\": \"cache/85/36/853693cd6ec8c6974c71c807d3c6cbd7.jpg\", \"storage\": \"django.core.files.storage.FileSystemStorage\", \"size\": [110, 155]}"}}, {"model": "thumbnail.kvstore", "pk": "oscar-sandbox||image||d156277f7684612631e5a0d989b32d24", "fields": {"value": "{\"name\": \"cache/5a/9c/5a9cb781e0752e414eb3247056d7d987.jpg\", \"storage\": \"storages.backends.s3boto3.S3Boto3Storage\", \"size\": [109, 155]}"}}, {"model": "thumbnail.kvstore", "pk": "oscar-sandbox||image||d25b73a3951fd61a31693610742798dd", "fields": {"value": "{\"name\": \"cache/2d/59/2d5981ee0ed37c6eb3fc7b91faa5e0f7.jpg\", \"storage\": \"django.core.files.storage.FileSystemStorage\", \"size\": [55, 70]}"}}, {"model": "thumbnail.kvstore", "pk": "oscar-sandbox||image||d83d868661777f854bc66178803c337e", "fields": {"value": "{\"name\": \"images/products/2019/08/5.jpeg\", \"storage\": \"django.core.files.storage.FileSystemStorage\", \"size\": [189, 267]}"}}, {"model": "thumbnail.kvstore", "pk": "oscar-sandbox||image||dd94f4faecf0fb1c68ef45a0a502b72c", "fields": {"value": "{\"name\": \"cache/a6/b8/a6b860d5aecebe1909f41872ea43e503.jpg\", \"storage\": \"django.core.files.storage.FileSystemStorage\", \"size\": [100, 100]}"}}, {"model": "thumbnail.kvstore", "pk": "oscar-sandbox||image||e081bef2b448eb07bedd3a1e96047968", "fields": {"value": "{\"name\": \"cache/7d/00/7d0031cba88897e291c4c9b46ec68926.jpg\", \"storage\": \"django.core.files.storage.FileSystemStorage\", \"size\": [128, 155]}"}}, {"model": "thumbnail.kvstore", "pk": "oscar-sandbox||image||e4adfd106805ab7faa9fc266fc593d6b", "fields": {"value": "{\"name\": \"cache/68/e9/68e9d40ae6cc6faacb6f97655b785109.jpg\", \"storage\": \"django.core.files.storage.FileSystemStorage\", \"size\": [70, 39]}"}}, {"model": "thumbnail.kvstore", "pk": "oscar-sandbox||image||e7145b5927b23ec576784b70f65e8565", "fields": {"value": "{\"name\": \"cache/b5/43/b5430967edd33df717a2e4cf4a57bf76.jpg\", \"storage\": \"django.core.files.storage.FileSystemStorage\", \"size\": [49, 70]}"}}, {"model": "thumbnail.kvstore", "pk": "oscar-sandbox||image||ead83c981d3f6a0ae6fa8dfb7a97f77b", "fields": {"value": "{\"name\": \"images/products/2019/08/ethical.jpeg\", \"storage\": \"django.core.files.storage.FileSystemStorage\", \"size\": [200, 253]}"}}, {"model": "thumbnail.kvstore", "pk": "oscar-sandbox||image||eb896b8c35d112958699f3e14f155f38", "fields": {"value": "{\"name\": \"cache/34/dd/34dd1693d1ba33ac34bc667051f84261.jpg\", \"storage\": \"django.core.files.storage.FileSystemStorage\", \"size\": [46, 70]}"}}, {"model": "thumbnail.kvstore", "pk": "oscar-sandbox||image||edf30c9a4e297cbcff43ed08606794d9", "fields": {"value": "{\"name\": \"cache/7a/3b/7a3b660a9a6dfbbaaec4ecd7f7731b58.jpg\", \"storage\": \"storages.backends.s3boto3.S3Boto3Storage\", \"size\": [102, 155]}"}}, {"model": "thumbnail.kvstore", "pk": "oscar-sandbox||image||ee3619ac77253185ea67bf13c45c3019", "fields": {"value": "{\"name\": \"images/products/2019/08/4_SUYHcEn.jpeg\", \"storage\": \"django.core.files.storage.FileSystemStorage\", \"size\": [225, 225]}"}}, {"model": "thumbnail.kvstore", "pk": "oscar-sandbox||image||efe4583ef9bdd52f727ade9250fbb509", "fields": {"value": "{\"name\": \"cache/f7/11/f711a2a9d9ce8bf8741c0847893f63d2.jpg\", \"storage\": \"django.core.files.storage.FileSystemStorage\", \"size\": [93, 154]}"}}, {"model": "thumbnail.kvstore", "pk": "oscar-sandbox||image||f0971d28a63af5dc74c46360978169b0", "fields": {"value": "{\"name\": \"cache/d2/ac/d2acbeff5d6e28de65b0d2b5d20d3ee7.jpg\", \"storage\": \"django.core.files.storage.FileSystemStorage\", \"size\": [277, 155]}"}}, {"model": "thumbnail.kvstore", "pk": "oscar-sandbox||image||f4567f80df2b79d81697aa3e9100d14c", "fields": {"value": "{\"name\": \"images/products/2019/08/3_CMZRQqW.jpeg\", \"storage\": \"storages.backends.s3boto3.S3Boto3Storage\", \"size\": [300, 168]}"}}, {"model": "thumbnail.kvstore", "pk": "oscar-sandbox||image||fb0c9bfd2f130c5dc9e3dff683983cf4", "fields": {"value": "{\"name\": \"images/products/2019/08/2_IQBnSHm.jpeg\", \"storage\": \"django.core.files.storage.FileSystemStorage\", \"size\": [225, 225]}"}}, {"model": "thumbnail.kvstore", "pk": "oscar-sandbox||image||fe25a33d53be8afc6d80cc3b2aa0ebfe", "fields": {"value": "{\"name\": \"cache/05/b0/05b06b430b19f8c8761ab875dc9fd7d8.jpg\", \"storage\": \"django.core.files.storage.FileSystemStorage\", \"size\": [70, 100]}"}}, {"model": "thumbnail.kvstore", "pk": "oscar-sandbox||image||ff7b0be822a0414e9ecfaeb22677236a", "fields": {"value": "{\"name\": \"cache/0e/c4/0ec42d8b52248e6ddd5154f9de1b3d3f.jpg\", \"storage\": \"django.core.files.storage.FileSystemStorage\", \"size\": [70, 70]}"}}, {"model": "thumbnail.kvstore", "pk": "oscar-sandbox||thumbnails||00a8bb5ec7d1d76f4d2e0409f4977fd4", "fields": {"value": "[\"8051387194f216864a1089a9c6cb1993\", \"6a190f59a5b1a63125252f0741e315b9\", \"12d4ec719c15d8fb188e77367b59748e\"]"}}, {"model": "thumbnail.kvstore", "pk": "oscar-sandbox||thumbnails||0c858426f377ab52033761cc2c981f59", "fields": {"value": "[\"655185c2b453bf5cbe3b8712e08c0b62\", \"eb896b8c35d112958699f3e14f155f38\"]"}}, {"model": "thumbnail.kvstore", "pk": "oscar-sandbox||thumbnails||1c212cb1e85efb4ef0d2215bcceead6f", "fields": {"value": "[\"070ab96ecc08b1038ca25a861719e15c\"]"}}, {"model": "thumbnail.kvstore", "pk": "oscar-sandbox||thumbnails||22722d99af687bec2b6f434fea75ec7f", "fields": {"value": "[\"898654ed6a0c235c24891b3dbf32bc5c\"]"}}, {"model": "thumbnail.kvstore", "pk": "oscar-sandbox||thumbnails||23d5493c59de8a8c2a304a806a7958df", "fields": {"value": "[\"8b43a8b75982d7a9fb1680b9eb012d3a\", \"b3ab5b83f8b735a6a1b06f257ce7dab6\"]"}}, {"model": "thumbnail.kvstore", "pk": "oscar-sandbox||thumbnails||2568a7dd2469e956be5284bad4c53b25", "fields": {"value": "[\"d156277f7684612631e5a0d989b32d24\"]"}}, {"model": "thumbnail.kvstore", "pk": "oscar-sandbox||thumbnails||291a42c18fde16664ca21653db277963", "fields": {"value": "[\"13a35059a7d2ff4b1da6c90dd2ebc57a\"]"}}, {"model": "thumbnail.kvstore", "pk": "oscar-sandbox||thumbnails||2a3c370e5ee9b9617a22a43bce2d6629", "fields": {"value": "[\"1956bc3b3b81343e0453bf1644ec57ca\"]"}}, {"model": "thumbnail.kvstore", "pk": "oscar-sandbox||thumbnails||333d9bc5d06398a67bb04eb910e0936c", "fields": {"value": "[\"82d86649c337485d7ce16762750e524c\"]"}}, {"model": "thumbnail.kvstore", "pk": "oscar-sandbox||thumbnails||3bddfb36bdf7cea223b0329b27a327e7", "fields": {"value": "[\"a213467066d4249b5ad742acd6e78a86\"]"}}, {"model": "thumbnail.kvstore", "pk": "oscar-sandbox||thumbnails||3fd685c851a1ec26a893940649f8f95a", "fields": {"value": "[\"536891419a76bd18ae7a4ab490c64c3c\", \"1eb4005e4f397cebc2e35f2d325d2eeb\"]"}}, {"model": "thumbnail.kvstore", "pk": "oscar-sandbox||thumbnails||4bff2bb3e67c0a4eb521b93723d30f1b", "fields": {"value": "[\"340b56d476e40263b977bdfffe4ca4b2\", \"062d16ecc07acbb08afe15ea4a0d4141\"]"}}, {"model": "thumbnail.kvstore", "pk": "oscar-sandbox||thumbnails||5f0d3a42c4f7755c2fd39a18d503c039", "fields": {"value": "[\"aa7f3ae2a08672add8358b6e3bca1dca\", \"4d3dbe4dca074ef8871feeaf7d15b0d3\"]"}}, {"model": "thumbnail.kvstore", "pk": "oscar-sandbox||thumbnails||64b3b581c0b1daa823d2e5600e60a8f2", "fields": {"value": "[\"56c0f1acc89282ec55d411e19ed16ca1\", \"c45b470828f5b557aebd48dbf04d4ecd\"]"}}, {"model": "thumbnail.kvstore", "pk": "oscar-sandbox||thumbnails||6b314f5c1901df4a296fd267e6b632e1", "fields": {"value": "[\"325a0f0cdd98fb37e76502dfe4d11575\", \"38c410f3ce957611ccf3fac165a1d3a6\"]"}}, {"model": "thumbnail.kvstore", "pk": "oscar-sandbox||thumbnails||70c6f133e5237e78ffb4832261b41f6a", "fields": {"value": "[\"ce4234d2177b424f5c29e20f30896fff\"]"}}, {"model": "thumbnail.kvstore", "pk": "oscar-sandbox||thumbnails||773f811b37a493d5e84a296b44076d31", "fields": {"value": "[\"0d23d0e250cb715534e9bd007744be33\"]"}}, {"model": "thumbnail.kvstore", "pk": "oscar-sandbox||thumbnails||7c55776b3c682dd94c91c3e35ac6b9bb", "fields": {"value": "[\"47d0eedd6cda0fbf3273679965f59247\", \"496f6fda793cb75b5d268984ece7cefd\"]"}}, {"model": "thumbnail.kvstore", "pk": "oscar-sandbox||thumbnails||7e6bc0e04f73944c09be3d86586ae6a3", "fields": {"value": "[\"390f32b703d5b0e8506d78552a623878\", \"5b1afb06ee85d160cf0fd3689ab2b9bb\"]"}}, {"model": "thumbnail.kvstore", "pk": "oscar-sandbox||thumbnails||8d47013f729aac2296a748efb493de2d", "fields": {"value": "[\"cea46477de1bac94989894dda9f0ffc7\", \"e7145b5927b23ec576784b70f65e8565\"]"}}, {"model": "thumbnail.kvstore", "pk": "oscar-sandbox||thumbnails||8ea1650ca7e50c2ca98179b2807dfdff", "fields": {"value": "[\"9edc535999bfa6d17681e1eedd6cd912\", \"efe4583ef9bdd52f727ade9250fbb509\"]"}}, {"model": "thumbnail.kvstore", "pk": "oscar-sandbox||thumbnails||93df6d5f3e8289794fc25fcabf1f5245", "fields": {"value": "[\"9f34df253cb95b3f83563f1bc701e7fb\"]"}}, {"model": "thumbnail.kvstore", "pk": "oscar-sandbox||thumbnails||9a7a5d44ac1e1a39e9b994eaea190723", "fields": {"value": "[\"e4adfd106805ab7faa9fc266fc593d6b\", \"f0971d28a63af5dc74c46360978169b0\"]"}}, {"model": "thumbnail.kvstore", "pk": "oscar-sandbox||thumbnails||9acc35b0b3a1f8b63db268ac89417a22", "fields": {"value": "[\"0a390a56d24d5722d0b5f29834ecec1e\", \"96603ef1f5c65d0a39455552cadabbc3\", \"fe25a33d53be8afc6d80cc3b2aa0ebfe\", \"6771fc58595fb3a0514440e8b268f34e\"]"}}, {"model": "thumbnail.kvstore", "pk": "oscar-sandbox||thumbnails||a34498479b349e1d695a39546f98cc26", "fields": {"value": "[\"edf30c9a4e297cbcff43ed08606794d9\"]"}}, {"model": "thumbnail.kvstore", "pk": "oscar-sandbox||thumbnails||a3d00d08f0755a59e6782d864b2cf6df", "fields": {"value": "[\"33bfe665e4d3459a41afccc92d2e934d\", \"0ce061b0a96b5191962ee61e7c02df14\"]"}}, {"model": "thumbnail.kvstore", "pk": "oscar-sandbox||thumbnails||a5180dc0a378a1eded2ad394fbba0b05", "fields": {"value": "[\"50099ac5370e46b08203c996d780ef66\"]"}}, {"model": "thumbnail.kvstore", "pk": "oscar-sandbox||thumbnails||aac0d022dde61c841a48502a096a01f8", "fields": {"value": "[\"59c17eb26893a88c61091c570e35653d\", \"8abb2671e45b50ea91f261c662a1c80b\"]"}}, {"model": "thumbnail.kvstore", "pk": "oscar-sandbox||thumbnails||bdf1042087c665124c16fe392f969cb3", "fields": {"value": "[\"0e3a09672dc7f94d61da5284e724d39d\", \"a5507b0b7fc0f35521492048fd2e82c2\"]"}}, {"model": "thumbnail.kvstore", "pk": "oscar-sandbox||thumbnails||c764b4d5227971dc43fe2e91fcd93a8f", "fields": {"value": "[\"6dfeb94a7acc426735636553db6bc8de\"]"}}, {"model": "thumbnail.kvstore", "pk": "oscar-sandbox||thumbnails||ca7eaaaaa2e68b9f2c7e7663db979035", "fields": {"value": "[\"15abddf483364d7db612b32402febf66\", \"e081bef2b448eb07bedd3a1e96047968\"]"}}, {"model": "thumbnail.kvstore", "pk": "oscar-sandbox||thumbnails||d83d868661777f854bc66178803c337e", "fields": {"value": "[\"cb435a4a9ec74e5ac5a6e6f5fb3c8a54\", \"ca82bf6ca69d7333ed5f293b2cb57a31\"]"}}, {"model": "thumbnail.kvstore", "pk": "oscar-sandbox||thumbnails||ead83c981d3f6a0ae6fa8dfb7a97f77b", "fields": {"value": "[\"8d50f46ddba6400037e2dc5cd7829ee5\", \"d25b73a3951fd61a31693610742798dd\"]"}}, {"model": "thumbnail.kvstore", "pk": "oscar-sandbox||thumbnails||ee3619ac77253185ea67bf13c45c3019", "fields": {"value": "[\"3039fec1505092bd8f5ad96e137c454d\", \"ff7b0be822a0414e9ecfaeb22677236a\"]"}}, {"model": "thumbnail.kvstore", "pk": "oscar-sandbox||thumbnails||f4567f80df2b79d81697aa3e9100d14c", "fields": {"value": "[\"be7c051ee97fcd62a958403d1c17388f\"]"}}, {"model": "thumbnail.kvstore", "pk": "oscar-sandbox||thumbnails||fb0c9bfd2f130c5dc9e3dff683983cf4", "fields": {"value": "[\"5757ad0b192d8ce5c92b55b734f58217\", \"5b441656b35fa019cb1ba97ca20c14a9\", \"dd94f4faecf0fb1c68ef45a0a502b72c\"]"}}, {"model": "auth.permission", "pk": 1, "fields": {"name": "Can add log entry", "content_type": 1, "codename": "add_logentry"}}, {"model": "auth.permission", "pk": 2, "fields": {"name": "Can change log entry", "content_type": 1, "codename": "change_logentry"}}, {"model": "auth.permission", "pk": 3, "fields": {"name": "Can delete log entry", "content_type": 1, "codename": "delete_logentry"}}, {"model": "auth.permission", "pk": 4, "fields": {"name": "Can add permission", "content_type": 2, "codename": "add_permission"}}, {"model": "auth.permission", "pk": 5, "fields": {"name": "Can change permission", "content_type": 2, "codename": "change_permission"}}, {"model": "auth.permission", "pk": 6, "fields": {"name": "Can delete permission", "content_type": 2, "codename": "delete_permission"}}, {"model": "auth.permission", "pk": 7, "fields": {"name": "Can add group", "content_type": 3, "codename": "add_group"}}, {"model": "auth.permission", "pk": 8, "fields": {"name": "Can change group", "content_type": 3, "codename": "change_group"}}, {"model": "auth.permission", "pk": 9, "fields": {"name": "Can delete group", "content_type": 3, "codename": "delete_group"}}, {"model": "auth.permission", "pk": 10, "fields": {"name": "Can add user", "content_type": 4, "codename": "add_user"}}, {"model": "auth.permission", "pk": 11, "fields": {"name": "Can change user", "content_type": 4, "codename": "change_user"}}, {"model": "auth.permission", "pk": 12, "fields": {"name": "Can delete user", "content_type": 4, "codename": "delete_user"}}, {"model": "auth.permission", "pk": 13, "fields": {"name": "Can add content type", "content_type": 5, "codename": "add_contenttype"}}, {"model": "auth.permission", "pk": 14, "fields": {"name": "Can change content type", "content_type": 5, "codename": "change_contenttype"}}, {"model": "auth.permission", "pk": 15, "fields": {"name": "Can delete content type", "content_type": 5, "codename": "delete_contenttype"}}, {"model": "auth.permission", "pk": 16, "fields": {"name": "Can add session", "content_type": 6, "codename": "add_session"}}, {"model": "auth.permission", "pk": 17, "fields": {"name": "Can change session", "content_type": 6, "codename": "change_session"}}, {"model": "auth.permission", "pk": 18, "fields": {"name": "Can delete session", "content_type": 6, "codename": "delete_session"}}, {"model": "auth.permission", "pk": 19, "fields": {"name": "Can add site", "content_type": 7, "codename": "add_site"}}, {"model": "auth.permission", "pk": 20, "fields": {"name": "Can change site", "content_type": 7, "codename": "change_site"}}, {"model": "auth.permission", "pk": 21, "fields": {"name": "Can delete site", "content_type": 7, "codename": "delete_site"}}, {"model": "auth.permission", "pk": 22, "fields": {"name": "Can add flat page", "content_type": 8, "codename": "add_flatpage"}}, {"model": "auth.permission", "pk": 23, "fields": {"name": "Can change flat page", "content_type": 8, "codename": "change_flatpage"}}, {"model": "auth.permission", "pk": 24, "fields": {"name": "Can delete flat page", "content_type": 8, "codename": "delete_flatpage"}}, {"model": "auth.permission", "pk": 25, "fields": {"name": "Can add Product record", "content_type": 9, "codename": "add_productrecord"}}, {"model": "auth.permission", "pk": 26, "fields": {"name": "Can change Product record", "content_type": 9, "codename": "change_productrecord"}}, {"model": "auth.permission", "pk": 27, "fields": {"name": "Can delete Product record", "content_type": 9, "codename": "delete_productrecord"}}, {"model": "auth.permission", "pk": 28, "fields": {"name": "Can add User product view", "content_type": 10, "codename": "add_userproductview"}}, {"model": "auth.permission", "pk": 29, "fields": {"name": "Can change User product view", "content_type": 10, "codename": "change_userproductview"}}, {"model": "auth.permission", "pk": 30, "fields": {"name": "Can delete User product view", "content_type": 10, "codename": "delete_userproductview"}}, {"model": "auth.permission", "pk": 31, "fields": {"name": "Can add User record", "content_type": 11, "codename": "add_userrecord"}}, {"model": "auth.permission", "pk": 32, "fields": {"name": "Can change User record", "content_type": 11, "codename": "change_userrecord"}}, {"model": "auth.permission", "pk": 33, "fields": {"name": "Can delete User record", "content_type": 11, "codename": "delete_userrecord"}}, {"model": "auth.permission", "pk": 34, "fields": {"name": "Can add User search query", "content_type": 12, "codename": "add_usersearch"}}, {"model": "auth.permission", "pk": 35, "fields": {"name": "Can change User search query", "content_type": 12, "codename": "change_usersearch"}}, {"model": "auth.permission", "pk": 36, "fields": {"name": "Can delete User search query", "content_type": 12, "codename": "delete_usersearch"}}, {"model": "auth.permission", "pk": 37, "fields": {"name": "Can add Country", "content_type": 13, "codename": "add_country"}}, {"model": "auth.permission", "pk": 38, "fields": {"name": "Can change Country", "content_type": 13, "codename": "change_country"}}, {"model": "auth.permission", "pk": 39, "fields": {"name": "Can delete Country", "content_type": 13, "codename": "delete_country"}}, {"model": "auth.permission", "pk": 40, "fields": {"name": "Can add User address", "content_type": 14, "codename": "add_useraddress"}}, {"model": "auth.permission", "pk": 41, "fields": {"name": "Can change User address", "content_type": 14, "codename": "change_useraddress"}}, {"model": "auth.permission", "pk": 42, "fields": {"name": "Can delete User address", "content_type": 14, "codename": "delete_useraddress"}}, {"model": "auth.permission", "pk": 43, "fields": {"name": "Can add Order and Item Charge", "content_type": 15, "codename": "add_orderanditemcharges"}}, {"model": "auth.permission", "pk": 44, "fields": {"name": "Can change Order and Item Charge", "content_type": 15, "codename": "change_orderanditemcharges"}}, {"model": "auth.permission", "pk": 45, "fields": {"name": "Can delete Order and Item Charge", "content_type": 15, "codename": "delete_orderanditemcharges"}}, {"model": "auth.permission", "pk": 46, "fields": {"name": "Can add Weight Band", "content_type": 16, "codename": "add_weightband"}}, {"model": "auth.permission", "pk": 47, "fields": {"name": "Can change Weight Band", "content_type": 16, "codename": "change_weightband"}}, {"model": "auth.permission", "pk": 48, "fields": {"name": "Can delete Weight Band", "content_type": 16, "codename": "delete_weightband"}}, {"model": "auth.permission", "pk": 49, "fields": {"name": "Can add Weight-based Shipping Method", "content_type": 17, "codename": "add_weightbased"}}, {"model": "auth.permission", "pk": 50, "fields": {"name": "Can change Weight-based Shipping Method", "content_type": 17, "codename": "change_weightbased"}}, {"model": "auth.permission", "pk": 51, "fields": {"name": "Can delete Weight-based Shipping Method", "content_type": 17, "codename": "delete_weightbased"}}, {"model": "auth.permission", "pk": 52, "fields": {"name": "Can add Attribute option", "content_type": 18, "codename": "add_attributeoption"}}, {"model": "auth.permission", "pk": 53, "fields": {"name": "Can change Attribute option", "content_type": 18, "codename": "change_attributeoption"}}, {"model": "auth.permission", "pk": 54, "fields": {"name": "Can delete Attribute option", "content_type": 18, "codename": "delete_attributeoption"}}, {"model": "auth.permission", "pk": 55, "fields": {"name": "Can add Attribute option group", "content_type": 19, "codename": "add_attributeoptiongroup"}}, {"model": "auth.permission", "pk": 56, "fields": {"name": "Can change Attribute option group", "content_type": 19, "codename": "change_attributeoptiongroup"}}, {"model": "auth.permission", "pk": 57, "fields": {"name": "Can delete Attribute option group", "content_type": 19, "codename": "delete_attributeoptiongroup"}}, {"model": "auth.permission", "pk": 58, "fields": {"name": "Can add Category", "content_type": 20, "codename": "add_category"}}, {"model": "auth.permission", "pk": 59, "fields": {"name": "Can change Category", "content_type": 20, "codename": "change_category"}}, {"model": "auth.permission", "pk": 60, "fields": {"name": "Can delete Category", "content_type": 20, "codename": "delete_category"}}, {"model": "auth.permission", "pk": 61, "fields": {"name": "Can add Option", "content_type": 21, "codename": "add_option"}}, {"model": "auth.permission", "pk": 62, "fields": {"name": "Can change Option", "content_type": 21, "codename": "change_option"}}, {"model": "auth.permission", "pk": 63, "fields": {"name": "Can delete Option", "content_type": 21, "codename": "delete_option"}}, {"model": "auth.permission", "pk": 64, "fields": {"name": "Can add Product", "content_type": 22, "codename": "add_product"}}, {"model": "auth.permission", "pk": 65, "fields": {"name": "Can change Product", "content_type": 22, "codename": "change_product"}}, {"model": "auth.permission", "pk": 66, "fields": {"name": "Can delete Product", "content_type": 22, "codename": "delete_product"}}, {"model": "auth.permission", "pk": 67, "fields": {"name": "Can add Product attribute", "content_type": 23, "codename": "add_productattribute"}}, {"model": "auth.permission", "pk": 68, "fields": {"name": "Can change Product attribute", "content_type": 23, "codename": "change_productattribute"}}, {"model": "auth.permission", "pk": 69, "fields": {"name": "Can delete Product attribute", "content_type": 23, "codename": "delete_productattribute"}}, {"model": "auth.permission", "pk": 70, "fields": {"name": "Can add Product attribute value", "content_type": 24, "codename": "add_productattributevalue"}}, {"model": "auth.permission", "pk": 71, "fields": {"name": "Can change Product attribute value", "content_type": 24, "codename": "change_productattributevalue"}}, {"model": "auth.permission", "pk": 72, "fields": {"name": "Can delete Product attribute value", "content_type": 24, "codename": "delete_productattributevalue"}}, {"model": "auth.permission", "pk": 73, "fields": {"name": "Can add Product category", "content_type": 25, "codename": "add_productcategory"}}, {"model": "auth.permission", "pk": 74, "fields": {"name": "Can change Product category", "content_type": 25, "codename": "change_productcategory"}}, {"model": "auth.permission", "pk": 75, "fields": {"name": "Can delete Product category", "content_type": 25, "codename": "delete_productcategory"}}, {"model": "auth.permission", "pk": 76, "fields": {"name": "Can add Product class", "content_type": 26, "codename": "add_productclass"}}, {"model": "auth.permission", "pk": 77, "fields": {"name": "Can change Product class", "content_type": 26, "codename": "change_productclass"}}, {"model": "auth.permission", "pk": 78, "fields": {"name": "Can delete Product class", "content_type": 26, "codename": "delete_productclass"}}, {"model": "auth.permission", "pk": 79, "fields": {"name": "Can add Product image", "content_type": 27, "codename": "add_productimage"}}, {"model": "auth.permission", "pk": 80, "fields": {"name": "Can change Product image", "content_type": 27, "codename": "change_productimage"}}, {"model": "auth.permission", "pk": 81, "fields": {"name": "Can delete Product image", "content_type": 27, "codename": "delete_productimage"}}, {"model": "auth.permission", "pk": 82, "fields": {"name": "Can add Product recommendation", "content_type": 28, "codename": "add_productrecommendation"}}, {"model": "auth.permission", "pk": 83, "fields": {"name": "Can change Product recommendation", "content_type": 28, "codename": "change_productrecommendation"}}, {"model": "auth.permission", "pk": 84, "fields": {"name": "Can delete Product recommendation", "content_type": 28, "codename": "delete_productrecommendation"}}, {"model": "auth.permission", "pk": 85, "fields": {"name": "Can add Product review", "content_type": 29, "codename": "add_productreview"}}, {"model": "auth.permission", "pk": 86, "fields": {"name": "Can change Product review", "content_type": 29, "codename": "change_productreview"}}, {"model": "auth.permission", "pk": 87, "fields": {"name": "Can delete Product review", "content_type": 29, "codename": "delete_productreview"}}, {"model": "auth.permission", "pk": 88, "fields": {"name": "Can add Vote", "content_type": 30, "codename": "add_vote"}}, {"model": "auth.permission", "pk": 89, "fields": {"name": "Can change Vote", "content_type": 30, "codename": "change_vote"}}, {"model": "auth.permission", "pk": 90, "fields": {"name": "Can delete Vote", "content_type": 30, "codename": "delete_vote"}}, {"model": "auth.permission", "pk": 91, "fields": {"name": "Can add Fulfillment partner", "content_type": 31, "codename": "add_partner"}}, {"model": "auth.permission", "pk": 92, "fields": {"name": "Can change Fulfillment partner", "content_type": 31, "codename": "change_partner"}}, {"model": "auth.permission", "pk": 93, "fields": {"name": "Can delete Fulfillment partner", "content_type": 31, "codename": "delete_partner"}}, {"model": "auth.permission", "pk": 94, "fields": {"name": "Can access dashboard", "content_type": 31, "codename": "dashboard_access"}}, {"model": "auth.permission", "pk": 95, "fields": {"name": "Can add Partner address", "content_type": 32, "codename": "add_partneraddress"}}, {"model": "auth.permission", "pk": 96, "fields": {"name": "Can change Partner address", "content_type": 32, "codename": "change_partneraddress"}}, {"model": "auth.permission", "pk": 97, "fields": {"name": "Can delete Partner address", "content_type": 32, "codename": "delete_partneraddress"}}, {"model": "auth.permission", "pk": 98, "fields": {"name": "Can add Stock alert", "content_type": 33, "codename": "add_stockalert"}}, {"model": "auth.permission", "pk": 99, "fields": {"name": "Can change Stock alert", "content_type": 33, "codename": "change_stockalert"}}, {"model": "auth.permission", "pk": 100, "fields": {"name": "Can delete Stock alert", "content_type": 33, "codename": "delete_stockalert"}}, {"model": "auth.permission", "pk": 101, "fields": {"name": "Can add Stock record", "content_type": 34, "codename": "add_stockrecord"}}, {"model": "auth.permission", "pk": 102, "fields": {"name": "Can change Stock record", "content_type": 34, "codename": "change_stockrecord"}}, {"model": "auth.permission", "pk": 103, "fields": {"name": "Can delete Stock record", "content_type": 34, "codename": "delete_stockrecord"}}, {"model": "auth.permission", "pk": 104, "fields": {"name": "Can add Basket", "content_type": 35, "codename": "add_basket"}}, {"model": "auth.permission", "pk": 105, "fields": {"name": "Can change Basket", "content_type": 35, "codename": "change_basket"}}, {"model": "auth.permission", "pk": 106, "fields": {"name": "Can delete Basket", "content_type": 35, "codename": "delete_basket"}}, {"model": "auth.permission", "pk": 107, "fields": {"name": "Can add Basket line", "content_type": 36, "codename": "add_line"}}, {"model": "auth.permission", "pk": 108, "fields": {"name": "Can change Basket line", "content_type": 36, "codename": "change_line"}}, {"model": "auth.permission", "pk": 109, "fields": {"name": "Can delete Basket line", "content_type": 36, "codename": "delete_line"}}, {"model": "auth.permission", "pk": 110, "fields": {"name": "Can add Line attribute", "content_type": 37, "codename": "add_lineattribute"}}, {"model": "auth.permission", "pk": 111, "fields": {"name": "Can change Line attribute", "content_type": 37, "codename": "change_lineattribute"}}, {"model": "auth.permission", "pk": 112, "fields": {"name": "Can delete Line attribute", "content_type": 37, "codename": "delete_lineattribute"}}, {"model": "auth.permission", "pk": 113, "fields": {"name": "Can add Bankcard", "content_type": 38, "codename": "add_bankcard"}}, {"model": "auth.permission", "pk": 114, "fields": {"name": "Can change Bankcard", "content_type": 38, "codename": "change_bankcard"}}, {"model": "auth.permission", "pk": 115, "fields": {"name": "Can delete Bankcard", "content_type": 38, "codename": "delete_bankcard"}}, {"model": "auth.permission", "pk": 116, "fields": {"name": "Can add Source", "content_type": 39, "codename": "add_source"}}, {"model": "auth.permission", "pk": 117, "fields": {"name": "Can change Source", "content_type": 39, "codename": "change_source"}}, {"model": "auth.permission", "pk": 118, "fields": {"name": "Can delete Source", "content_type": 39, "codename": "delete_source"}}, {"model": "auth.permission", "pk": 119, "fields": {"name": "Can add Source Type", "content_type": 40, "codename": "add_sourcetype"}}, {"model": "auth.permission", "pk": 120, "fields": {"name": "Can change Source Type", "content_type": 40, "codename": "change_sourcetype"}}, {"model": "auth.permission", "pk": 121, "fields": {"name": "Can delete Source Type", "content_type": 40, "codename": "delete_sourcetype"}}, {"model": "auth.permission", "pk": 122, "fields": {"name": "Can add Transaction", "content_type": 41, "codename": "add_transaction"}}, {"model": "auth.permission", "pk": 123, "fields": {"name": "Can change Transaction", "content_type": 41, "codename": "change_transaction"}}, {"model": "auth.permission", "pk": 124, "fields": {"name": "Can delete Transaction", "content_type": 41, "codename": "delete_transaction"}}, {"model": "auth.permission", "pk": 125, "fields": {"name": "Can add Benefit", "content_type": 42, "codename": "add_benefit"}}, {"model": "auth.permission", "pk": 126, "fields": {"name": "Can change Benefit", "content_type": 42, "codename": "change_benefit"}}, {"model": "auth.permission", "pk": 127, "fields": {"name": "Can delete Benefit", "content_type": 42, "codename": "delete_benefit"}}, {"model": "auth.permission", "pk": 128, "fields": {"name": "Can add Condition", "content_type": 43, "codename": "add_condition"}}, {"model": "auth.permission", "pk": 129, "fields": {"name": "Can change Condition", "content_type": 43, "codename": "change_condition"}}, {"model": "auth.permission", "pk": 130, "fields": {"name": "Can delete Condition", "content_type": 43, "codename": "delete_condition"}}, {"model": "auth.permission", "pk": 131, "fields": {"name": "Can add Conditional offer", "content_type": 44, "codename": "add_conditionaloffer"}}, {"model": "auth.permission", "pk": 132, "fields": {"name": "Can change Conditional offer", "content_type": 44, "codename": "change_conditionaloffer"}}, {"model": "auth.permission", "pk": 133, "fields": {"name": "Can delete Conditional offer", "content_type": 44, "codename": "delete_conditionaloffer"}}, {"model": "auth.permission", "pk": 134, "fields": {"name": "Can add Range", "content_type": 45, "codename": "add_range"}}, {"model": "auth.permission", "pk": 135, "fields": {"name": "Can change Range", "content_type": 45, "codename": "change_range"}}, {"model": "auth.permission", "pk": 136, "fields": {"name": "Can delete Range", "content_type": 45, "codename": "delete_range"}}, {"model": "auth.permission", "pk": 137, "fields": {"name": "Can add range product", "content_type": 46, "codename": "add_rangeproduct"}}, {"model": "auth.permission", "pk": 138, "fields": {"name": "Can change range product", "content_type": 46, "codename": "change_rangeproduct"}}, {"model": "auth.permission", "pk": 139, "fields": {"name": "Can delete range product", "content_type": 46, "codename": "delete_rangeproduct"}}, {"model": "auth.permission", "pk": 140, "fields": {"name": "Can add Range Product Uploaded File", "content_type": 47, "codename": "add_rangeproductfileupload"}}, {"model": "auth.permission", "pk": 141, "fields": {"name": "Can change Range Product Uploaded File", "content_type": 47, "codename": "change_rangeproductfileupload"}}, {"model": "auth.permission", "pk": 142, "fields": {"name": "Can delete Range Product Uploaded File", "content_type": 47, "codename": "delete_rangeproductfileupload"}}, {"model": "auth.permission", "pk": 143, "fields": {"name": "Can add Absolute discount benefit", "content_type": 42, "codename": "add_absolutediscountbenefit"}}, {"model": "auth.permission", "pk": 144, "fields": {"name": "Can change Absolute discount benefit", "content_type": 42, "codename": "change_absolutediscountbenefit"}}, {"model": "auth.permission", "pk": 145, "fields": {"name": "Can delete Absolute discount benefit", "content_type": 42, "codename": "delete_absolutediscountbenefit"}}, {"model": "auth.permission", "pk": 146, "fields": {"name": "Can add Count condition", "content_type": 43, "codename": "add_countcondition"}}, {"model": "auth.permission", "pk": 147, "fields": {"name": "Can change Count condition", "content_type": 43, "codename": "change_countcondition"}}, {"model": "auth.permission", "pk": 148, "fields": {"name": "Can delete Count condition", "content_type": 43, "codename": "delete_countcondition"}}, {"model": "auth.permission", "pk": 149, "fields": {"name": "Can add Coverage Condition", "content_type": 43, "codename": "add_coveragecondition"}}, {"model": "auth.permission", "pk": 150, "fields": {"name": "Can change Coverage Condition", "content_type": 43, "codename": "change_coveragecondition"}}, {"model": "auth.permission", "pk": 151, "fields": {"name": "Can delete Coverage Condition", "content_type": 43, "codename": "delete_coveragecondition"}}, {"model": "auth.permission", "pk": 152, "fields": {"name": "Can add Fixed price benefit", "content_type": 42, "codename": "add_fixedpricebenefit"}}, {"model": "auth.permission", "pk": 153, "fields": {"name": "Can change Fixed price benefit", "content_type": 42, "codename": "change_fixedpricebenefit"}}, {"model": "auth.permission", "pk": 154, "fields": {"name": "Can delete Fixed price benefit", "content_type": 42, "codename": "delete_fixedpricebenefit"}}, {"model": "auth.permission", "pk": 155, "fields": {"name": "Can add Multibuy discount benefit", "content_type": 42, "codename": "add_multibuydiscountbenefit"}}, {"model": "auth.permission", "pk": 156, "fields": {"name": "Can change Multibuy discount benefit", "content_type": 42, "codename": "change_multibuydiscountbenefit"}}, {"model": "auth.permission", "pk": 157, "fields": {"name": "Can delete Multibuy discount benefit", "content_type": 42, "codename": "delete_multibuydiscountbenefit"}}, {"model": "auth.permission", "pk": 158, "fields": {"name": "Can add Percentage discount benefit", "content_type": 42, "codename": "add_percentagediscountbenefit"}}, {"model": "auth.permission", "pk": 159, "fields": {"name": "Can change Percentage discount benefit", "content_type": 42, "codename": "change_percentagediscountbenefit"}}, {"model": "auth.permission", "pk": 160, "fields": {"name": "Can delete Percentage discount benefit", "content_type": 42, "codename": "delete_percentagediscountbenefit"}}, {"model": "auth.permission", "pk": 161, "fields": {"name": "Can add shipping benefit", "content_type": 42, "codename": "add_shippingbenefit"}}, {"model": "auth.permission", "pk": 162, "fields": {"name": "Can change shipping benefit", "content_type": 42, "codename": "change_shippingbenefit"}}, {"model": "auth.permission", "pk": 163, "fields": {"name": "Can delete shipping benefit", "content_type": 42, "codename": "delete_shippingbenefit"}}, {"model": "auth.permission", "pk": 164, "fields": {"name": "Can add Shipping absolute discount benefit", "content_type": 42, "codename": "add_shippingabsolutediscountbenefit"}}, {"model": "auth.permission", "pk": 165, "fields": {"name": "Can change Shipping absolute discount benefit", "content_type": 42, "codename": "change_shippingabsolutediscountbenefit"}}, {"model": "auth.permission", "pk": 166, "fields": {"name": "Can delete Shipping absolute discount benefit", "content_type": 42, "codename": "delete_shippingabsolutediscountbenefit"}}, {"model": "auth.permission", "pk": 167, "fields": {"name": "Can add Fixed price shipping benefit", "content_type": 42, "codename": "add_shippingfixedpricebenefit"}}, {"model": "auth.permission", "pk": 168, "fields": {"name": "Can change Fixed price shipping benefit", "content_type": 42, "codename": "change_shippingfixedpricebenefit"}}, {"model": "auth.permission", "pk": 169, "fields": {"name": "Can delete Fixed price shipping benefit", "content_type": 42, "codename": "delete_shippingfixedpricebenefit"}}, {"model": "auth.permission", "pk": 170, "fields": {"name": "Can add Shipping percentage discount benefit", "content_type": 42, "codename": "add_shippingpercentagediscountbenefit"}}, {"model": "auth.permission", "pk": 171, "fields": {"name": "Can change Shipping percentage discount benefit", "content_type": 42, "codename": "change_shippingpercentagediscountbenefit"}}, {"model": "auth.permission", "pk": 172, "fields": {"name": "Can delete Shipping percentage discount benefit", "content_type": 42, "codename": "delete_shippingpercentagediscountbenefit"}}, {"model": "auth.permission", "pk": 173, "fields": {"name": "Can add Value condition", "content_type": 43, "codename": "add_valuecondition"}}, {"model": "auth.permission", "pk": 174, "fields": {"name": "Can change Value condition", "content_type": 43, "codename": "change_valuecondition"}}, {"model": "auth.permission", "pk": 175, "fields": {"name": "Can delete Value condition", "content_type": 43, "codename": "delete_valuecondition"}}, {"model": "auth.permission", "pk": 176, "fields": {"name": "Can add Billing address", "content_type": 59, "codename": "add_billingaddress"}}, {"model": "auth.permission", "pk": 177, "fields": {"name": "Can change Billing address", "content_type": 59, "codename": "change_billingaddress"}}, {"model": "auth.permission", "pk": 178, "fields": {"name": "Can delete Billing address", "content_type": 59, "codename": "delete_billingaddress"}}, {"model": "auth.permission", "pk": 179, "fields": {"name": "Can add Communication Event", "content_type": 60, "codename": "add_communicationevent"}}, {"model": "auth.permission", "pk": 180, "fields": {"name": "Can change Communication Event", "content_type": 60, "codename": "change_communicationevent"}}, {"model": "auth.permission", "pk": 181, "fields": {"name": "Can delete Communication Event", "content_type": 60, "codename": "delete_communicationevent"}}, {"model": "auth.permission", "pk": 182, "fields": {"name": "Can add Order Line", "content_type": 61, "codename": "add_line"}}, {"model": "auth.permission", "pk": 183, "fields": {"name": "Can change Order Line", "content_type": 61, "codename": "change_line"}}, {"model": "auth.permission", "pk": 184, "fields": {"name": "Can delete Order Line", "content_type": 61, "codename": "delete_line"}}, {"model": "auth.permission", "pk": 185, "fields": {"name": "Can add Line Attribute", "content_type": 62, "codename": "add_lineattribute"}}, {"model": "auth.permission", "pk": 186, "fields": {"name": "Can change Line Attribute", "content_type": 62, "codename": "change_lineattribute"}}, {"model": "auth.permission", "pk": 187, "fields": {"name": "Can delete Line Attribute", "content_type": 62, "codename": "delete_lineattribute"}}, {"model": "auth.permission", "pk": 188, "fields": {"name": "Can add Line Price", "content_type": 63, "codename": "add_lineprice"}}, {"model": "auth.permission", "pk": 189, "fields": {"name": "Can change Line Price", "content_type": 63, "codename": "change_lineprice"}}, {"model": "auth.permission", "pk": 190, "fields": {"name": "Can delete Line Price", "content_type": 63, "codename": "delete_lineprice"}}, {"model": "auth.permission", "pk": 191, "fields": {"name": "Can add Order", "content_type": 64, "codename": "add_order"}}, {"model": "auth.permission", "pk": 192, "fields": {"name": "Can change Order", "content_type": 64, "codename": "change_order"}}, {"model": "auth.permission", "pk": 193, "fields": {"name": "Can delete Order", "content_type": 64, "codename": "delete_order"}}, {"model": "auth.permission", "pk": 194, "fields": {"name": "Can add Order Discount", "content_type": 65, "codename": "add_orderdiscount"}}, {"model": "auth.permission", "pk": 195, "fields": {"name": "Can change Order Discount", "content_type": 65, "codename": "change_orderdiscount"}}, {"model": "auth.permission", "pk": 196, "fields": {"name": "Can delete Order Discount", "content_type": 65, "codename": "delete_orderdiscount"}}, {"model": "auth.permission", "pk": 197, "fields": {"name": "Can add Order Note", "content_type": 66, "codename": "add_ordernote"}}, {"model": "auth.permission", "pk": 198, "fields": {"name": "Can change Order Note", "content_type": 66, "codename": "change_ordernote"}}, {"model": "auth.permission", "pk": 199, "fields": {"name": "Can delete Order Note", "content_type": 66, "codename": "delete_ordernote"}}, {"model": "auth.permission", "pk": 200, "fields": {"name": "Can add Payment Event", "content_type": 67, "codename": "add_paymentevent"}}, {"model": "auth.permission", "pk": 201, "fields": {"name": "Can change Payment Event", "content_type": 67, "codename": "change_paymentevent"}}, {"model": "auth.permission", "pk": 202, "fields": {"name": "Can delete Payment Event", "content_type": 67, "codename": "delete_paymentevent"}}, {"model": "auth.permission", "pk": 203, "fields": {"name": "Can add Payment Event Quantity", "content_type": 68, "codename": "add_paymenteventquantity"}}, {"model": "auth.permission", "pk": 204, "fields": {"name": "Can change Payment Event Quantity", "content_type": 68, "codename": "change_paymenteventquantity"}}, {"model": "auth.permission", "pk": 205, "fields": {"name": "Can delete Payment Event Quantity", "content_type": 68, "codename": "delete_paymenteventquantity"}}, {"model": "auth.permission", "pk": 206, "fields": {"name": "Can add Payment Event Type", "content_type": 69, "codename": "add_paymenteventtype"}}, {"model": "auth.permission", "pk": 207, "fields": {"name": "Can change Payment Event Type", "content_type": 69, "codename": "change_paymenteventtype"}}, {"model": "auth.permission", "pk": 208, "fields": {"name": "Can delete Payment Event Type", "content_type": 69, "codename": "delete_paymenteventtype"}}, {"model": "auth.permission", "pk": 209, "fields": {"name": "Can add Shipping address", "content_type": 70, "codename": "add_shippingaddress"}}, {"model": "auth.permission", "pk": 210, "fields": {"name": "Can change Shipping address", "content_type": 70, "codename": "change_shippingaddress"}}, {"model": "auth.permission", "pk": 211, "fields": {"name": "Can delete Shipping address", "content_type": 70, "codename": "delete_shippingaddress"}}, {"model": "auth.permission", "pk": 212, "fields": {"name": "Can add Shipping Event", "content_type": 71, "codename": "add_shippingevent"}}, {"model": "auth.permission", "pk": 213, "fields": {"name": "Can change Shipping Event", "content_type": 71, "codename": "change_shippingevent"}}, {"model": "auth.permission", "pk": 214, "fields": {"name": "Can delete Shipping Event", "content_type": 71, "codename": "delete_shippingevent"}}, {"model": "auth.permission", "pk": 215, "fields": {"name": "Can add Shipping Event Quantity", "content_type": 72, "codename": "add_shippingeventquantity"}}, {"model": "auth.permission", "pk": 216, "fields": {"name": "Can change Shipping Event Quantity", "content_type": 72, "codename": "change_shippingeventquantity"}}, {"model": "auth.permission", "pk": 217, "fields": {"name": "Can delete Shipping Event Quantity", "content_type": 72, "codename": "delete_shippingeventquantity"}}, {"model": "auth.permission", "pk": 218, "fields": {"name": "Can add Shipping Event Type", "content_type": 73, "codename": "add_shippingeventtype"}}, {"model": "auth.permission", "pk": 219, "fields": {"name": "Can change Shipping Event Type", "content_type": 73, "codename": "change_shippingeventtype"}}, {"model": "auth.permission", "pk": 220, "fields": {"name": "Can delete Shipping Event Type", "content_type": 73, "codename": "delete_shippingeventtype"}}, {"model": "auth.permission", "pk": 221, "fields": {"name": "Can add Order Status Change", "content_type": 74, "codename": "add_orderstatuschange"}}, {"model": "auth.permission", "pk": 222, "fields": {"name": "Can change Order Status Change", "content_type": 74, "codename": "change_orderstatuschange"}}, {"model": "auth.permission", "pk": 223, "fields": {"name": "Can delete Order Status Change", "content_type": 74, "codename": "delete_orderstatuschange"}}, {"model": "auth.permission", "pk": 224, "fields": {"name": "Can add Communication event type", "content_type": 75, "codename": "add_communicationeventtype"}}, {"model": "auth.permission", "pk": 225, "fields": {"name": "Can change Communication event type", "content_type": 75, "codename": "change_communicationeventtype"}}, {"model": "auth.permission", "pk": 226, "fields": {"name": "Can delete Communication event type", "content_type": 75, "codename": "delete_communicationeventtype"}}, {"model": "auth.permission", "pk": 227, "fields": {"name": "Can add Email", "content_type": 76, "codename": "add_email"}}, {"model": "auth.permission", "pk": 228, "fields": {"name": "Can change Email", "content_type": 76, "codename": "change_email"}}, {"model": "auth.permission", "pk": 229, "fields": {"name": "Can delete Email", "content_type": 76, "codename": "delete_email"}}, {"model": "auth.permission", "pk": 230, "fields": {"name": "Can add Notification", "content_type": 77, "codename": "add_notification"}}, {"model": "auth.permission", "pk": 231, "fields": {"name": "Can change Notification", "content_type": 77, "codename": "change_notification"}}, {"model": "auth.permission", "pk": 232, "fields": {"name": "Can delete Notification", "content_type": 77, "codename": "delete_notification"}}, {"model": "auth.permission", "pk": 233, "fields": {"name": "Can add Product alert", "content_type": 78, "codename": "add_productalert"}}, {"model": "auth.permission", "pk": 234, "fields": {"name": "Can change Product alert", "content_type": 78, "codename": "change_productalert"}}, {"model": "auth.permission", "pk": 235, "fields": {"name": "Can delete Product alert", "content_type": 78, "codename": "delete_productalert"}}, {"model": "auth.permission", "pk": 236, "fields": {"name": "Can add Voucher", "content_type": 79, "codename": "add_voucher"}}, {"model": "auth.permission", "pk": 237, "fields": {"name": "Can change Voucher", "content_type": 79, "codename": "change_voucher"}}, {"model": "auth.permission", "pk": 238, "fields": {"name": "Can delete Voucher", "content_type": 79, "codename": "delete_voucher"}}, {"model": "auth.permission", "pk": 239, "fields": {"name": "Can add Voucher Application", "content_type": 80, "codename": "add_voucherapplication"}}, {"model": "auth.permission", "pk": 240, "fields": {"name": "Can change Voucher Application", "content_type": 80, "codename": "change_voucherapplication"}}, {"model": "auth.permission", "pk": 241, "fields": {"name": "Can delete Voucher Application", "content_type": 80, "codename": "delete_voucherapplication"}}, {"model": "auth.permission", "pk": 242, "fields": {"name": "Can add VoucherSet", "content_type": 81, "codename": "add_voucherset"}}, {"model": "auth.permission", "pk": 243, "fields": {"name": "Can change VoucherSet", "content_type": 81, "codename": "change_voucherset"}}, {"model": "auth.permission", "pk": 244, "fields": {"name": "Can delete VoucherSet", "content_type": 81, "codename": "delete_voucherset"}}, {"model": "auth.permission", "pk": 245, "fields": {"name": "Can add Wish list line", "content_type": 82, "codename": "add_line"}}, {"model": "auth.permission", "pk": 246, "fields": {"name": "Can change Wish list line", "content_type": 82, "codename": "change_line"}}, {"model": "auth.permission", "pk": 247, "fields": {"name": "Can delete Wish list line", "content_type": 82, "codename": "delete_line"}}, {"model": "auth.permission", "pk": 248, "fields": {"name": "Can add Wish List", "content_type": 83, "codename": "add_wishlist"}}, {"model": "auth.permission", "pk": 249, "fields": {"name": "Can change Wish List", "content_type": 83, "codename": "change_wishlist"}}, {"model": "auth.permission", "pk": 250, "fields": {"name": "Can delete Wish List", "content_type": 83, "codename": "delete_wishlist"}}, {"model": "auth.permission", "pk": 251, "fields": {"name": "Can add kv store", "content_type": 84, "codename": "add_kvstore"}}, {"model": "auth.permission", "pk": 252, "fields": {"name": "Can change kv store", "content_type": 84, "codename": "change_kvstore"}}, {"model": "auth.permission", "pk": 253, "fields": {"name": "Can delete kv store", "content_type": 84, "codename": "delete_kvstore"}}, {"model": "auth.permission", "pk": 254, "fields": {"name": "Can add source", "content_type": 85, "codename": "add_source"}}, {"model": "auth.permission", "pk": 255, "fields": {"name": "Can change source", "content_type": 85, "codename": "change_source"}}, {"model": "auth.permission", "pk": 256, "fields": {"name": "Can delete source", "content_type": 85, "codename": "delete_source"}}, {"model": "auth.permission", "pk": 257, "fields": {"name": "Can add thumbnail", "content_type": 86, "codename": "add_thumbnail"}}, {"model": "auth.permission", "pk": 258, "fields": {"name": "Can change thumbnail", "content_type": 86, "codename": "change_thumbnail"}}, {"model": "auth.permission", "pk": 259, "fields": {"name": "Can delete thumbnail", "content_type": 86, "codename": "delete_thumbnail"}}, {"model": "auth.permission", "pk": 260, "fields": {"name": "Can add thumbnail dimensions", "content_type": 87, "codename": "add_thumbnaildimensions"}}, {"model": "auth.permission", "pk": 261, "fields": {"name": "Can change thumbnail dimensions", "content_type": 87, "codename": "change_thumbnaildimensions"}}, {"model": "auth.permission", "pk": 262, "fields": {"name": "Can delete thumbnail dimensions", "content_type": 87, "codename": "delete_thumbnaildimensions"}}, {"model": "auth.user", "pk": 1, "fields": {"password": "pbkdf2_sha256$100000$j7KKk5MAcW0G$bTCBFGNW6m0X6dHtJarpAPKt75OTP8weeL1cc8xGdKU=", "last_login": "2019-08-29T08:54:06.813Z", "is_superuser": true, "username": "alex", "first_name": "", "last_name": "", "email": "yattus50@gmail.com", "is_staff": true, "is_active": true, "date_joined": "2019-08-25T12:40:48.534Z", "groups": [], "user_permissions": []}}, {"model": "analytics.userrecord", "pk": 1, "fields": {"user": 1, "num_product_views": 3, "num_basket_additions": 5, "num_orders": 0, "num_order_lines": 0, "num_order_items": 0, "total_spent": "0.00", "date_last_order": null}}, {"model": "partner.partner", "pk": 1, "fields": {"code": "partenaire", "name": "Partenaire", "users": []}}, {"model": "basket.basket", "pk": 1, "fields": {"owner": 1, "status": "Open", "date_created": "2019-08-25T12:41:14.315Z", "date_merged": null, "date_submitted": null, "vouchers": []}}, {"model": "basket.basket", "pk": 2, "fields": {"owner": null, "status": "Merged", "date_created": "2019-08-25T16:24:40.681Z", "date_merged": "2019-08-26T06:49:29.717Z", "date_submitted": null, "vouchers": []}}, {"model": "basket.basket", "pk": 3, "fields": {"owner": null, "status": "Open", "date_created": "2019-08-26T17:38:35.706Z", "date_merged": null, "date_submitted": null, "vouchers": []}}]